"Table 3. Total Annual Family Income, by Per Capita Income Decile and by Region, Province and HUC: 2018, 2021 and 2023p",,,,,,,,,,,,,,,,,,,,,,,,,,,,,,,,,,,,,,,,,,,,,,,,,,,,,,,
Region/Province/HUC,2018,,,,,,,,,,,2021,,,,,,,,,,,2023p,,,,,,,,,,,Percent Change (2018 to 2021),,,,,,,,,,,Percent Change (2021 to 2023),,,,,,,,,,
,(In millions),,,,,,,,,,,(In millions),,,,,,,,,,,(In millions),,,,,,,,,,,(In percent),,,,,,,,,,,(In percent),,,,,,,,,,
,All Income Groups,1st Decile,2nd Decile,3rd Decile,4th Decile,5th Decile,6th Decile,7th Decile,8th Decile,9th Decile,10th Decile,All Income Groups,1st Decile,2nd Decile,3rd Decile,4th Decile,5th Decile,6th Decile,7th Decile,8th Decile,9th Decile,10th Decile,All Income Groups,1st Decile,2nd Decile,3rd Decile,4th Decile,5th Decile,6th Decile,7th Decile,8th Decile,9th Decile,10th Decile,All Income Groups,1st Decile,2nd Decile,3rd Decile,4th Decile,5th Decile,6th Decile,7th Decile,8th Decile,9th Decile,10th Decile,All Income Groups,1st Decile,2nd Decile,3rd Decile,4th Decile,5th Decile,6th Decile,7th Decile,8th Decile,9th Decile,10th Decile
,,,,,,,,,,,,,,,,,,,,,,,,,,,,,,,,,,,,,,,,,,,,,,,,,,,,,,,
PHILIPPINES," 7,757,012.68 "," 280,591.27 "," 357,379.72 "," 416,561.68 "," 488,345.43 "," 556,838.29 "," 649,802.48 "," 763,488.81 "," 918,043.59 "," 1,178,010.77 "," 2,147,950.63 "," 8,109,045.26 "," 306,262.87 "," 401,607.22 "," 464,150.01 "," 535,044.82 "," 601,018.25 "," 691,035.99 "," 799,717.89 "," 954,449.33 "," 1,206,648.57 "," 2,149,110.30 "," 9,706,612.91 "," 393,685.99 "," 501,868.93 "," 572,743.13 "," 662,747.85 "," 747,600.12 "," 848,372.55 "," 966,503.95 "," 1,143,798.18 "," 1,408,474.25 "," 2,460,817.96 ",4.5,9.2,12.4,11.4,9.6,7.9,6.4,4.8,4.0,2.4,0.1,19.7,28.6,25.0,23.4,23.9,24.4,22.8,20.9,19.8,16.7,14.5
,,,,,,,,,,,,,,,,,,,,,,,,,,,,,,,,,,,,,,,,,,,,,,,,,,,,,,,
NATIONAL CAPITAL REGION," 1,527,769.65 "," 70,127.21 "," 87,785.99 "," 101,204.78 "," 111,696.33 "," 124,357.30 "," 136,331.78 "," 156,437.84 "," 173,262.16 "," 211,020.73 "," 355,545.54 "," 1,467,628.46 "," 77,163.78 "," 91,809.85 "," 103,516.90 "," 113,145.22 "," 125,436.46 "," 134,488.10 "," 148,349.74 "," 169,983.54 "," 187,836.03 "," 315,898.85 "," 1,865,801.30 "," 94,452.90 "," 117,464.79 "," 127,934.60 "," 141,971.78 "," 154,774.39 "," 170,358.40 "," 188,200.04 "," 208,683.05 "," 234,340.51 "," 427,620.84 ",-3.9,10.0,4.6,2.3,1.3,0.9,-1.4,-5.2,-1.9,-11.0,-11.2,27.1,22.4,27.9,23.6,25.5,23.4,26.7,26.9,22.8,24.8,35.4
NCR I,,,,,,,,,,,,,,,,,,,,,,,,,,,,,,,,,,,,,,,,,,,,,,,,,,,,,,,
City of Manila," 197,174.25 "," 9,229.00 "," 12,068.34 "," 14,075.71 "," 16,395.65 "," 16,359.63 "," 18,953.61 "," 21,199.05 "," 22,872.70 "," 25,676.51 "," 40,344.05 "," 204,369.69 "," 12,756.53 "," 14,367.17 "," 15,252.71 "," 17,313.18 "," 18,312.17 "," 18,747.08 "," 21,382.04 "," 23,313.65 "," 26,681.02 "," 36,244.13 "," 246,232.67 "," 12,026.79 "," 16,715.58 "," 18,672.51 "," 20,079.84 "," 20,757.54 "," 22,831.85 "," 25,612.84 "," 30,157.34 "," 31,476.92 "," 47,901.45 ",3.7,38.2,19.1,8.4,5.6,11.9,-1.1,0.9,1.9,3.9,-10.2,20.5,-5.7,16.4,22.4,16.0,13.4,21.8,19.8,29.4,18.0,32.2
NCR II,,,,,,,,,,,,,,,,,,,,,,,,,,,,,,,,,,,,,,,,,,,,,,,,,,,,,,,
City of Mandaluyong," 77,146.17 "," 2,706.97 "," 3,517.13 "," 3,899.12 "," 4,683.56 "," 4,765.88 "," 5,746.47 "," 6,346.94 "," 7,644.74 "," 10,370.08 "," 27,465.28 "," 62,352.70 "," 3,956.37 "," 4,231.84 "," 4,447.20 "," 5,169.04 "," 5,413.22 "," 5,908.25 "," 6,108.50 "," 7,377.02 "," 7,770.84 "," 11,970.43 "," 93,875.35 "," 4,743.61 "," 5,620.73 "," 6,660.45 "," 6,622.14 "," 7,441.95 "," 8,095.61 "," 9,119.63 "," 11,302.84 "," 12,524.95 "," 21,743.44 ",-19.2,46.2,20.3,14.1,10.4,13.6,2.8,-3.8,-3.5,-25.1,-56.4,50.6,19.9,32.8,49.8,28.1,37.5,37.0,49.3,53.2,61.2,81.6
City of San Juan," 17,024.55 ", 667.05 , 902.46 , 968.66 ," 1,100.89 "," 1,314.67 "," 1,406.52 "," 1,623.23 "," 1,623.09 "," 2,051.87 "," 5,366.10 "," 15,840.53 ", 869.95 , 924.42 ," 1,228.94 "," 1,177.94 "," 1,465.38 "," 1,263.61 "," 1,698.37 "," 1,634.49 "," 2,058.52 "," 3,518.90 "," 24,320.15 ", 927.18 ," 1,427.25 "," 1,480.95 "," 1,511.59 "," 1,722.84 "," 2,020.34 "," 2,265.23 "," 1,851.47 "," 4,226.90 "," 6,886.40 ",-7.0,30.4,2.4,26.9,7.0,11.5,-10.2,4.6,0.7,0.3,-34.4,53.5,6.6,54.4,20.5,28.3,17.6,59.9,33.4,13.3,105.3,95.7
Quezon City," 340,450.04 "," 16,200.91 "," 19,913.52 "," 20,545.99 "," 23,706.56 "," 26,909.54 "," 30,034.67 "," 35,953.16 "," 39,623.60 "," 50,215.87 "," 77,346.23 "," 315,867.49 "," 17,265.27 "," 19,203.69 "," 22,399.50 "," 23,882.82 "," 27,449.09 "," 27,241.02 "," 31,191.57 "," 35,536.29 "," 39,199.81 "," 72,498.44 "," 359,208.80 "," 20,501.01 "," 25,201.84 "," 24,932.28 "," 29,128.12 "," 30,704.25 "," 31,496.79 "," 36,983.61 "," 41,553.40 "," 44,645.26 "," 74,062.25 ",-7.2,6.6,-3.6,9.0,0.7,2.0,-9.3,-13.2,-10.3,-21.9,-6.3,13.7,18.7,31.2,11.3,22.0,11.9,15.6,18.6,16.9,13.9,2.2
City of Marikina," 48,538.67 "," 2,172.53 "," 2,525.15 "," 3,024.70 "," 3,523.89 "," 3,958.40 "," 4,241.79 "," 4,941.79 "," 5,974.21 "," 6,844.62 "," 11,331.59 "," 51,462.72 "," 2,408.44 "," 2,985.10 "," 3,725.41 "," 4,062.73 "," 3,960.24 "," 4,452.57 "," 5,140.25 "," 6,136.91 "," 6,930.35 "," 11,660.71 "," 60,399.48 "," 3,086.86 "," 3,654.14 "," 3,832.83 "," 4,551.19 "," 5,102.32 "," 5,477.41 "," 6,405.09 "," 6,708.86 "," 8,202.01 "," 13,378.77 ",6.0,10.9,18.2,23.2,15.3,0.1,5.0,4.0,2.7,1.3,2.9,17.4,28.2,22.4,2.9,12.0,28.8,23.0,24.6,9.3,18.4,14.7
City of Pasig," 88,774.66 "," 4,054.37 "," 5,193.79 "," 6,331.40 "," 6,688.45 "," 7,737.43 "," 8,222.33 "," 9,023.06 "," 10,888.25 "," 11,771.78 "," 18,863.82 "," 91,036.89 "," 4,587.14 "," 5,527.01 "," 6,336.98 "," 7,181.14 "," 8,036.58 "," 8,477.00 "," 9,076.68 "," 11,063.25 "," 11,258.18 "," 19,492.94 "," 130,765.02 "," 5,727.71 "," 7,108.99 "," 8,616.31 "," 9,190.88 "," 11,088.94 "," 12,045.15 "," 13,856.16 "," 13,573.81 "," 16,769.11 "," 32,787.96 ",2.6,13.1,6.4,0.1,7.4,3.9,3.1,0.6,1.6,-4.4,3.3,43.6,24.9,28.6,36.0,28.0,38.0,42.1,52.7,22.7,49.0,68.2
NCR III,,,,,,,,,,,,,,,,,,,,,,,,,,,,,,,,,,,,,,,,,,,,,,,,,,,,,,,
City of Caloocan," 141,351.28 "," 6,913.78 "," 8,804.20 "," 9,527.75 "," 11,662.00 "," 12,364.79 "," 13,480.48 "," 14,232.14 "," 16,910.58 "," 19,393.07 "," 28,062.50 "," 129,885.82 "," 7,449.83 "," 8,654.86 "," 9,641.16 "," 10,626.57 "," 11,525.44 "," 12,638.44 "," 13,693.40 "," 15,020.12 "," 17,998.65 "," 22,637.36 "," 154,161.91 "," 9,714.43 "," 11,273.81 "," 11,602.38 "," 13,567.60 "," 14,658.11 "," 15,307.98 "," 17,141.94 "," 18,023.03 "," 19,089.52 "," 23,783.10 ",-8.1,7.8,-1.7,1.2,-8.9,-6.8,-6.3,-3.8,-11.2,-7.2,-19.3,18.7,30.4,30.3,20.3,27.7,27.2,21.1,25.2,20.0,6.1,5.1
City of Malabon," 31,750.68 "," 1,866.51 "," 2,298.05 "," 2,408.53 "," 2,682.49 "," 2,647.08 "," 2,968.51 "," 3,298.03 "," 3,918.36 "," 4,178.40 "," 5,484.72 "," 31,403.20 "," 1,850.47 "," 2,159.84 "," 2,299.82 "," 2,528.62 "," 2,816.92 "," 3,258.91 "," 3,351.83 "," 3,674.22 "," 3,785.65 "," 5,676.91 "," 34,270.92 "," 2,104.70 "," 2,358.35 "," 2,660.35 "," 2,895.43 "," 2,970.05 "," 3,583.68 "," 3,716.05 "," 3,632.12 "," 4,682.16 "," 5,668.04 ",-1.1,-0.9,-6.0,-4.5,-5.7,6.4,9.8,1.6,-6.2,-9.4,3.5,9.1,13.7,9.2,15.7,14.5,5.4,10.0,10.9,-1.2,23.7,-0.2
City of Navotas," 21,905.68 "," 1,138.95 "," 1,314.04 "," 1,574.04 "," 1,731.19 "," 1,923.65 "," 2,097.62 "," 2,416.39 "," 2,393.69 "," 2,598.63 "," 4,717.48 "," 20,510.06 "," 1,336.50 "," 1,532.70 "," 1,649.29 "," 1,774.50 "," 1,806.73 "," 2,075.61 "," 2,167.24 "," 2,309.39 "," 2,493.03 "," 3,365.07 "," 21,291.41 "," 1,456.07 "," 1,594.94 "," 1,902.55 "," 1,825.99 "," 1,963.39 "," 2,140.99 "," 2,217.79 "," 2,340.40 "," 2,761.59 "," 3,087.70 ",-6.4,17.3,16.6,4.8,2.5,-6.1,-1.1,-10.3,-3.5,-4.1,-28.7,3.8,9.0,4.1,15.4,2.9,8.7,3.2,2.3,1.3,10.8,-8.2
City of Valenzuela," 60,113.79 "," 3,463.15 "," 4,296.10 "," 4,310.59 "," 5,109.59 "," 5,256.32 "," 6,258.84 "," 6,012.56 "," 6,724.42 "," 7,517.83 "," 11,164.38 "," 62,704.85 "," 3,450.18 "," 4,106.42 "," 4,563.09 "," 5,289.66 "," 5,260.84 "," 5,728.56 "," 6,971.48 "," 7,374.70 "," 9,328.28 "," 10,631.65 "," 69,892.16 "," 4,429.33 "," 4,856.89 "," 5,187.11 "," 5,997.13 "," 6,898.67 "," 7,275.01 "," 7,464.16 "," 8,269.32 "," 8,139.70 "," 11,374.83 ",4.3,-0.4,-4.4,5.9,3.5,0.1,-8.5,16.0,9.7,24.1,-4.8,11.5,28.4,18.3,13.7,13.4,31.1,27.0,7.1,12.1,-12.7,7.0
NCR IV,,,,,,,,,,,,,,,,,,,,,,,,,,,,,,,,,,,,,,,,,,,,,,,,,,,,,,,
City of Las Piñas," 77,305.75 "," 3,428.67 "," 4,412.58 "," 5,303.65 "," 5,771.18 "," 6,461.74 "," 7,059.95 "," 8,437.25 "," 8,712.04 "," 12,413.93 "," 15,304.76 "," 65,582.27 "," 3,336.31 "," 3,976.73 "," 4,622.11 "," 5,025.24 "," 5,623.53 "," 6,565.61 "," 6,798.10 "," 7,748.51 "," 8,774.50 "," 13,111.64 "," 96,816.95 "," 4,905.24 "," 5,972.29 "," 6,668.52 "," 7,403.72 "," 9,040.78 "," 9,110.02 "," 9,793.41 "," 11,876.12 "," 14,072.90 "," 17,973.95 ",-15.2,-2.7,-9.9,-12.9,-12.9,-13.0,-7.0,-19.4,-11.1,-29.3,-14.3,47.6,47.0,50.2,44.3,47.3,60.8,38.8,44.1,53.3,60.4,37.1
City of Muntinlupa," 64,274.79 "," 3,094.77 "," 3,721.81 "," 4,188.18 "," 4,411.52 "," 5,038.91 "," 5,278.37 "," 6,383.30 "," 6,691.37 "," 8,691.80 "," 16,774.77 "," 60,390.76 "," 3,222.96 "," 3,875.35 "," 4,363.52 "," 4,461.54 "," 5,302.92 "," 5,836.26 "," 6,395.20 "," 7,899.76 "," 8,094.04 "," 10,939.21 "," 80,328.59 "," 5,055.53 "," 5,737.72 "," 6,193.05 "," 6,818.25 "," 6,806.80 "," 8,057.82 "," 8,179.70 "," 8,543.02 "," 10,218.37 "," 14,718.31 ",-6.0,4.1,4.1,4.2,1.1,5.2,10.6,0.2,18.1,-6.9,-34.8,33.0,56.9,48.1,41.9,52.8,28.4,38.1,27.9,8.1,26.3,34.6
City of Parañaque," 93,913.75 "," 4,137.54 "," 5,361.83 "," 6,406.64 "," 6,762.74 "," 8,068.85 "," 8,061.08 "," 9,618.36 "," 10,781.51 "," 14,856.41 "," 19,858.80 "," 93,220.34 "," 4,193.32 "," 5,262.76 "," 6,056.41 "," 6,152.67 "," 7,314.07 "," 7,372.59 "," 9,172.76 "," 10,429.75 "," 12,911.46 "," 24,354.55 "," 114,375.68 "," 5,989.89 "," 7,156.42 "," 7,495.51 "," 9,020.57 "," 9,714.27 "," 9,982.91 "," 11,765.98 "," 12,005.04 "," 14,393.33 "," 26,851.75 ",-0.7,1.4,-1.9,-5.5,-9.0,-9.4,-8.5,-4.6,-3.3,-13.1,22.6,22.7,42.8,36.0,23.8,46.6,32.8,35.4,28.3,15.1,11.5,10.3
Pasay City," 49,277.21 "," 2,444.21 "," 3,082.72 "," 3,527.71 "," 4,263.91 "," 4,662.40 "," 4,426.24 "," 5,524.07 "," 6,178.42 "," 7,014.22 "," 8,153.32 "," 46,705.45 "," 2,364.50 "," 2,842.66 "," 3,390.00 "," 3,737.06 "," 4,298.11 "," 4,483.05 "," 5,070.60 "," 5,922.81 "," 6,076.20 "," 8,520.46 "," 58,005.62 "," 3,517.44 "," 4,001.78 "," 4,292.48 "," 4,931.53 "," 5,563.65 "," 6,010.80 "," 6,272.59 "," 6,863.36 "," 6,914.58 "," 9,637.41 ",-5.2,-3.3,-7.8,-3.9,-12.4,-7.8,1.3,-8.2,-4.1,-13.4,4.5,24.2,48.8,40.8,26.6,32.0,29.4,34.1,23.7,15.9,13.8,13.1
City of Makati," 112,920.17 "," 4,657.52 "," 6,228.52 "," 7,312.50 "," 8,010.09 "," 8,592.26 "," 8,843.93 "," 11,013.34 "," 12,882.17 "," 14,364.95 "," 31,014.89 "," 111,574.69 "," 4,661.32 "," 6,335.13 "," 7,207.62 "," 8,581.83 "," 7,857.56 "," 10,612.38 "," 10,311.39 "," 10,838.87 "," 12,648.23 "," 32,520.35 "," 164,347.09 "," 6,053.10 "," 7,776.69 "," 9,866.18 "," 10,633.73 "," 11,484.72 "," 12,767.96 "," 14,146.57 "," 15,649.22 "," 18,259.65 "," 57,709.27 ",-1.2,0.1,1.7,-1.4,7.1,-8.6,20.0,-6.4,-15.9,-12.0,4.9,47.3,29.9,22.8,36.9,23.9,46.2,20.3,37.2,44.4,44.4,77.5
Pateros," 6,132.02 ", 279.47 , 347.03 , 442.95 , 528.02 , 585.76 , 569.51 , 643.79 , 769.43 , 799.69 ," 1,166.37 "," 5,094.35 ", 275.72 , 378.41 , 369.94 , 436.16 , 484.67 , 507.65 , 601.87 , 621.12 , 628.52 , 790.28 ," 7,135.91 ", 346.14 , 445.65 , 485.88 , 593.50 , 652.19 , 714.14 , 726.48 , 847.15 ," 1,004.92 "," 1,319.84 ",-16.9,-1.3,9.0,-16.5,-17.4,-17.3,-10.9,-6.5,-19.3,-21.4,-32.2,40.1,25.5,17.8,31.3,36.1,34.6,40.7,20.7,36.4,59.9,67.0
City of Taguig," 99,716.19 "," 5,017.77 "," 6,478.48 "," 7,514.66 "," 7,850.06 "," 8,255.89 "," 9,784.64 "," 11,108.71 "," 12,214.75 "," 12,492.74 "," 18,998.48 "," 99,626.64 "," 5,348.52 "," 6,852.11 "," 7,221.94 "," 8,291.47 "," 8,354.49 "," 9,219.16 "," 10,476.48 "," 11,279.65 "," 13,546.87 "," 19,035.96 "," 150,373.59 "," 6,801.57 "," 8,700.42 "," 10,205.81 "," 11,041.54 "," 11,741.16 "," 14,197.15 "," 14,585.42 "," 17,123.33 "," 18,880.56 "," 37,096.64 ",-0.1,6.6,5.8,-3.9,5.6,1.2,-5.8,-5.7,-7.7,8.4,0.2,50.9,27.2,27.0,41.3,33.2,40.5,54.0,39.2,51.8,39.4,94.9
,,,,,,,,,,,,,,,,,,,,,,,,,,,,,,,,,,,,,,,,,,,,,,,,,,,,,,,
CAR - CORDILLERA ADMINISTRATIVE REGION," 149,519.27 "," 5,049.78 "," 6,673.04 "," 7,894.88 "," 8,721.70 "," 9,950.63 "," 12,018.73 "," 14,531.63 "," 17,329.16 "," 23,351.73 "," 43,998.00 "," 156,804.61 "," 6,263.21 "," 8,041.11 "," 9,224.73 "," 10,274.89 "," 11,470.47 "," 13,059.27 "," 14,690.95 "," 17,590.63 "," 22,834.90 "," 43,354.44 "," 166,577.62 "," 8,179.28 "," 10,005.11 "," 11,317.53 "," 12,382.03 "," 13,233.02 "," 15,674.00 "," 17,556.35 "," 20,237.36 "," 22,973.95 "," 35,018.98 ",4.9,24.0,20.5,16.8,17.8,15.3,8.7,1.1,1.5,-2.2,-1.5,6.2,30.6,24.4,22.7,20.5,15.4,20.0,19.5,15.1,0.6,-19.2
Abra," 13,265.51 ", 519.91 , 694.08 , 765.56 , 851.90 ," 1,064.84 "," 1,104.61 "," 1,195.11 "," 1,541.38 "," 1,934.13 "," 3,593.99 "," 15,355.87 ", 694.62 , 843.86 , 907.82 ," 1,090.33 "," 1,119.67 "," 1,236.98 "," 1,347.06 "," 1,572.45 "," 2,141.94 "," 4,401.14 "," 16,345.74 ", 836.56 ," 1,089.59 "," 1,135.91 "," 1,290.07 "," 1,365.17 "," 1,379.56 "," 1,577.71 "," 1,742.10 "," 2,142.13 "," 3,786.94 ",15.8,33.6,21.6,18.6,28.0,5.2,12.0,12.7,2.0,10.7,22.5,6.5,20.4,29.1,25.1,18.3,21.9,11.5,17.1,10.8,0.0,-14.0
Benguet (Excluding City of Baguio)," 41,457.73 "," 1,423.52 "," 1,996.75 "," 2,317.04 "," 2,605.09 "," 3,094.73 "," 3,412.00 "," 3,895.42 "," 4,611.99 "," 6,032.35 "," 12,068.84 "," 41,403.86 "," 1,677.34 "," 2,188.64 "," 2,576.90 "," 2,952.50 "," 3,041.63 "," 3,554.32 "," 4,027.76 "," 4,634.49 "," 5,743.21 "," 11,007.08 "," 46,118.30 "," 2,281.58 "," 2,963.05 "," 3,419.54 "," 3,649.95 "," 4,009.02 "," 4,611.68 "," 5,133.40 "," 5,456.58 "," 6,069.14 "," 8,524.36 ",-0.1,17.8,9.6,11.2,13.3,-1.7,4.2,3.4,0.5,-4.8,-8.8,11.4,36.0,35.4,32.7,23.6,31.8,29.8,27.5,17.7,5.7,-22.6
City of Baguio," 48,710.34 "," 1,657.22 "," 2,274.62 "," 2,677.80 "," 3,432.33 "," 3,993.48 "," 4,323.03 "," 4,653.36 "," 6,323.42 "," 7,081.84 "," 12,293.22 "," 46,754.71 "," 1,940.61 "," 2,645.36 "," 3,049.44 "," 3,435.88 "," 3,599.15 "," 3,883.05 "," 4,709.76 "," 5,294.33 "," 6,137.62 "," 12,059.50 "," 47,232.91 "," 2,584.00 "," 3,071.87 "," 3,683.67 "," 4,127.47 "," 4,260.96 "," 4,822.58 "," 5,278.62 "," 5,831.41 "," 5,515.99 "," 8,056.36 ",-4.0,17.1,16.3,13.9,0.1,-9.9,-10.2,1.2,-16.3,-13.3,-1.9,1.0,33.2,16.1,20.8,20.1,18.4,24.2,12.1,10.1,-10.1,-33.2
Ifugao," 14,070.34 ", 647.24 , 771.62 , 915.94 , 901.42 , 896.24 ," 1,092.87 "," 1,244.68 "," 1,439.37 "," 2,098.69 "," 4,062.26 "," 15,474.53 ", 667.48 , 896.40 , 925.75 ," 1,099.51 "," 1,124.40 "," 1,299.62 "," 1,453.95 "," 1,727.88 "," 2,297.11 "," 3,982.42 "," 15,517.48 ", 847.27 ," 1,021.03 "," 1,126.49 "," 1,087.27 "," 1,192.00 "," 1,234.29 "," 1,320.11 "," 1,551.73 "," 2,021.26 "," 4,116.04 ",10.0,3.1,16.2,1.1,22.0,25.5,18.9,16.8,20.0,9.5,-2.0,0.3,26.9,13.9,21.7,-1.1,6.0,-5.0,-9.2,-10.2,-12.0,3.4
Kalinga," 15,950.42 ", 605.93 , 749.26 , 857.61 , 964.39 ," 1,029.51 "," 1,129.89 "," 1,389.37 "," 1,722.41 "," 2,241.12 "," 5,260.95 "," 18,713.76 ", 734.24 , 891.57 ," 1,070.56 "," 1,116.41 "," 1,187.68 "," 1,328.19 "," 1,725.99 "," 2,049.70 "," 2,614.05 "," 5,995.37 "," 18,307.71 "," 1,008.72 "," 1,142.43 "," 1,253.13 "," 1,363.26 "," 1,409.71 "," 1,564.84 "," 1,828.26 "," 1,890.83 "," 2,499.14 "," 4,347.41 ",17.3,21.2,19.0,24.8,15.8,15.4,17.6,24.2,19.0,16.6,14.0,-2.2,37.4,28.1,17.1,22.1,18.7,17.8,5.9,-7.8,-4.4,-27.5
Mountain Province," 9,370.27 ", 428.79 , 488.34 , 539.83 , 583.78 , 634.68 , 675.66 , 743.08 ," 1,042.43 "," 1,354.96 "," 2,878.72 "," 10,496.42 ", 508.43 , 626.82 , 673.85 , 736.17 , 770.00 , 832.08 , 953.07 ," 1,090.36 "," 1,362.61 "," 2,943.04 "," 12,292.87 ", 719.16 , 784.68 , 860.39 , 891.84 , 944.31 , 957.45 ," 1,188.46 "," 1,339.21 "," 1,685.43 "," 2,921.92 ",12.0,18.6,28.4,24.8,26.1,21.3,23.2,28.3,4.6,0.6,2.2,17.1,41.5,25.2,27.7,21.2,22.6,15.1,24.7,22.8,23.7,-0.7
Apayao," 6,694.66 ", 239.85 , 333.39 , 379.15 , 418.52 , 454.31 , 511.33 , 583.22 , 690.81 , 959.45 ," 2,124.62 "," 8,605.46 ", 405.15 , 504.13 , 538.89 , 601.86 , 639.17 , 695.38 , 731.17 , 854.88 ," 1,212.46 "," 2,422.37 "," 10,762.60 ", 495.80 , 566.82 , 608.21 , 670.29 , 738.99 , 751.26 ," 1,010.32 "," 1,128.88 "," 1,406.27 "," 3,385.75 ",28.5,68.9,51.2,42.1,43.8,40.7,36.0,25.4,23.8,26.4,14.0,25.1,22.4,12.4,12.9,11.4,15.6,8.0,38.2,32.1,16.0,39.8
,,,,,,,,,,,,,,,,,,,,,,,,,,,,,,,,,,,,,,,,,,,,,,,,,,,,,,,
REGION I - ILOCOS REGION," 348,096.66 "," 16,594.67 "," 20,719.85 "," 22,609.04 "," 25,406.42 "," 24,970.35 "," 29,926.07 "," 32,401.88 "," 37,542.77 "," 49,936.34 "," 87,989.27 "," 387,243.14 "," 16,270.55 "," 22,044.92 "," 23,866.97 "," 26,533.85 "," 28,978.88 "," 31,395.00 "," 34,672.24 "," 42,234.41 "," 56,662.59 "," 104,583.75 "," 443,817.42 "," 20,800.51 "," 25,405.33 "," 29,636.14 "," 31,682.27 "," 35,946.23 "," 39,440.83 "," 42,646.17 "," 49,819.00 "," 59,085.74 "," 109,355.20 ",11.3,-2.0,6.4,5.6,4.4,16.1,4.9,7.0,12.5,13.5,18.9,14.6,27.8,15.2,24.2,19.4,24.0,25.6,23.0,18.0,4.3,4.6
Ilocos Norte," 48,315.93 "," 2,322.36 "," 2,786.09 "," 3,190.68 "," 3,536.61 "," 3,746.34 "," 3,846.50 "," 4,671.41 "," 5,448.41 "," 6,538.52 "," 12,229.00 "," 55,373.29 "," 3,018.59 "," 3,890.69 "," 3,957.98 "," 3,969.04 "," 4,341.26 "," 4,940.29 "," 5,088.10 "," 5,641.89 "," 6,978.20 "," 13,547.24 "," 69,671.55 "," 4,711.89 "," 5,421.01 "," 5,616.83 "," 6,009.98 "," 6,244.35 "," 6,388.00 "," 7,142.43 "," 6,819.18 "," 7,552.85 "," 13,765.02 ",14.6,30.0,39.7,24.1,12.2,15.9,28.4,8.9,3.6,6.7,10.8,25.8,56.1,39.3,41.9,51.4,43.8,29.3,40.4,20.9,8.2,1.6
Ilocos Sur," 47,618.66 "," 2,035.32 "," 2,552.97 "," 2,794.05 "," 3,291.27 "," 3,486.97 "," 4,000.15 "," 4,581.29 "," 5,230.05 "," 6,942.35 "," 12,704.25 "," 54,075.55 "," 2,141.28 "," 2,754.67 "," 3,094.63 "," 3,334.98 "," 3,908.27 "," 4,343.13 "," 4,907.43 "," 6,360.82 "," 8,284.18 "," 14,946.17 "," 61,961.57 "," 2,940.29 "," 3,767.09 "," 4,258.43 "," 4,365.73 "," 4,833.03 "," 5,421.32 "," 6,178.08 "," 6,635.85 "," 8,293.15 "," 15,268.60 ",13.6,5.2,7.9,10.8,1.3,12.1,8.6,7.1,21.6,19.3,17.7,14.6,37.3,36.8,37.6,30.9,23.7,24.8,25.9,4.3,0.1,2.2
La Union," 64,064.71 "," 2,762.85 "," 3,319.11 "," 3,908.56 "," 4,324.15 "," 4,724.42 "," 5,362.52 "," 5,982.10 "," 6,504.80 "," 9,790.56 "," 17,385.64 "," 65,716.60 "," 2,687.57 "," 3,482.65 "," 3,973.26 "," 4,106.44 "," 4,559.00 "," 5,482.32 "," 5,972.47 "," 7,543.84 "," 10,562.03 "," 17,347.04 "," 81,591.39 "," 3,372.36 "," 4,273.21 "," 4,941.37 "," 5,321.72 "," 5,923.39 "," 7,053.47 "," 7,992.03 "," 9,198.04 "," 11,806.84 "," 21,708.95 ",2.6,-2.7,4.9,1.7,-5.0,-3.5,2.2,-0.2,16.0,7.9,-0.2,24.2,25.5,22.7,24.4,29.6,29.9,28.7,33.8,21.9,11.8,25.2
Pangasinan," 188,097.36 "," 9,770.43 "," 12,052.69 "," 13,475.33 "," 13,965.56 "," 14,165.03 "," 15,841.80 "," 18,118.00 "," 18,931.92 "," 26,502.81 "," 45,273.79 "," 212,077.71 "," 9,158.39 "," 11,974.72 "," 13,741.59 "," 14,532.41 "," 15,727.70 "," 17,639.32 "," 19,306.11 "," 20,740.80 "," 29,024.28 "," 60,232.38 "," 230,592.91 "," 11,539.94 "," 14,958.38 "," 14,923.38 "," 17,909.92 "," 18,001.54 "," 20,975.38 "," 21,482.82 "," 23,738.63 "," 30,953.32 "," 56,109.60 ",12.8,-6.3,-0.7,2.0,4.1,11.0,11.4,6.6,9.6,9.5,33.0,8.7,26.0,24.9,8.6,23.2,14.5,18.9,11.3,14.5,6.7,-6.8
,,,,,,,,,,,,,,,,,,,,,,,,,,,,,,,,,,,,,,,,,,,,,,,,,,,,,,,
REGION II - CAGAYAN VALLEY," 225,944.52 "," 8,825.97 "," 11,540.87 "," 13,107.55 "," 14,549.75 "," 16,707.00 "," 17,601.34 "," 20,996.35 "," 25,006.66 "," 31,586.18 "," 66,022.84 "," 260,480.16 "," 10,625.43 "," 13,494.96 "," 15,383.78 "," 16,648.06 "," 18,245.72 "," 20,073.37 "," 22,666.08 "," 26,920.05 "," 36,863.04 "," 79,559.68 "," 287,625.50 "," 14,508.10 "," 17,996.76 "," 19,241.78 "," 20,823.24 "," 22,475.52 "," 24,531.24 "," 26,788.68 "," 31,892.21 "," 39,082.67 "," 70,285.28 ",15.3,20.4,16.9,17.4,14.4,9.2,14.0,8.0,7.7,16.7,20.5,10.4,36.5,33.4,25.1,25.1,23.2,22.2,18.2,18.5,6.0,-11.7
Batanes," 1,912.73 ", 84.69 , 107.00 , 114.46 , 124.88 , 128.82 , 148.95 , 179.38 , 205.79 , 276.30 , 542.45 ," 2,483.16 ", 97.48 , 140.36 , 154.83 , 133.00 , 189.10 , 228.39 , 258.21 , 268.09 , 410.98 , 602.73 ," 2,469.54 ", 101.36 , 137.92 , 174.92 , 167.17 , 180.94 , 210.82 , 226.34 , 270.69 , 365.79 , 633.60 ,29.8,15.1,31.2,35.3,6.5,46.8,53.3,44.0,30.3,48.7,11.1,-0.6,4.0,-1.7,13.0,25.7,-4.3,-7.7,-12.3,1.0,-11.0,5.1
Cagayan," 80,635.06 "," 3,004.87 "," 3,823.62 "," 4,656.65 "," 5,117.68 "," 5,921.02 "," 6,460.78 "," 7,731.95 "," 9,349.09 "," 11,827.40 "," 22,742.00 "," 86,833.08 "," 3,843.27 "," 4,588.60 "," 5,088.12 "," 6,175.55 "," 6,214.12 "," 6,573.50 "," 7,536.42 "," 9,551.83 "," 12,720.30 "," 24,541.39 "," 101,392.29 "," 4,687.22 "," 6,014.72 "," 6,748.96 "," 6,824.69 "," 7,621.64 "," 8,654.43 "," 9,019.10 "," 11,002.32 "," 13,426.19 "," 27,393.03 ",7.7,27.9,20.0,9.3,20.7,5.0,1.7,-2.5,2.2,7.6,7.9,16.8,22.0,31.1,32.6,10.5,22.7,31.7,19.7,15.2,5.6,11.6
Isabela," 94,120.41 "," 3,887.29 "," 5,343.77 "," 5,705.15 "," 6,193.89 "," 7,181.70 "," 7,567.59 "," 8,331.02 "," 10,130.75 "," 12,632.16 "," 27,147.10 "," 120,811.82 "," 4,529.05 "," 5,797.67 "," 7,023.41 "," 7,223.72 "," 8,325.14 "," 9,032.70 "," 10,107.81 "," 11,802.56 "," 16,381.11 "," 40,588.66 "," 127,976.88 "," 6,922.26 "," 8,470.13 "," 8,752.04 "," 9,697.30 "," 10,342.74 "," 11,001.55 "," 12,314.68 "," 14,317.06 "," 18,014.85 "," 28,144.26 ",28.4,16.5,8.5,23.1,16.6,15.9,19.4,21.3,16.5,29.7,49.5,5.9,52.8,46.1,24.6,34.2,24.2,21.8,21.8,21.3,10.0,-30.7
Nueva Vizcaya," 36,531.22 "," 1,392.07 "," 1,764.85 "," 1,983.72 "," 2,314.16 "," 2,812.21 "," 2,770.00 "," 3,318.15 "," 4,028.38 "," 5,286.13 "," 10,861.54 "," 35,394.13 "," 1,557.79 "," 2,023.83 "," 2,212.65 "," 2,459.04 "," 2,591.67 "," 2,856.35 "," 3,374.16 "," 3,971.41 "," 4,868.99 "," 9,478.24 "," 40,791.86 "," 2,203.22 "," 2,502.46 "," 2,660.76 "," 3,031.42 "," 3,258.92 "," 3,465.70 "," 4,045.03 "," 4,482.50 "," 5,092.64 "," 10,049.21 ",-3.1,11.9,14.7,11.5,6.3,-7.8,3.1,1.7,-1.4,-7.9,-12.7,15.3,41.4,23.7,20.3,23.3,25.8,21.3,19.9,12.9,4.6,6.0
Quirino," 12,745.10 ", 521.85 , 637.80 , 713.02 , 777.37 , 906.60 , 923.98 ," 1,044.04 "," 1,239.52 "," 1,579.59 "," 4,401.35 "," 14,957.96 ", 674.45 , 789.34 , 879.14 ," 1,030.55 "," 1,125.16 "," 1,147.45 "," 1,272.68 "," 1,626.55 "," 2,089.93 "," 4,322.72 "," 14,994.93 ", 726.54 , 830.72 , 928.47 , 943.91 ," 1,182.19 "," 1,164.04 "," 1,327.76 "," 1,680.78 "," 2,049.76 "," 4,160.75 ",17.4,29.2,23.8,23.3,32.6,24.1,24.2,21.9,31.2,32.3,-1.8,0.3,7.7,5.2,5.6,-8.4,5.1,1.5,4.3,3.3,-1.9,-3.8
,,,,,,,,,,,,,,,,,,,,,,,,,,,,,,,,,,,,,,,,,,,,,,,,,,,,,,,
REGION III - CENTRAL LUZON," 929,598.30 "," 40,704.13 "," 53,981.85 "," 61,209.20 "," 68,448.76 "," 74,945.19 "," 85,259.16 "," 92,157.39 "," 105,258.82 "," 127,463.19 "," 220,170.62 "," 982,521.54 "," 45,272.97 "," 58,542.73 "," 67,233.02 "," 71,139.71 "," 80,694.12 "," 90,308.70 "," 98,768.22 "," 113,102.82 "," 134,972.99 "," 222,486.26 "," 1,172,048.83 "," 62,324.78 "," 78,402.18 "," 88,461.46 "," 95,915.16 "," 102,489.34 "," 112,017.76 "," 122,421.89 "," 134,118.59 "," 153,606.87 "," 222,290.80 ",5.7,11.2,8.5,9.8,3.9,7.7,5.9,7.2,7.5,5.9,1.1,19.3,37.7,33.9,31.6,34.8,27.0,24.0,24.0,18.6,13.8,-0.1
Aurora," 14,727.37 ", 613.60 , 727.45 , 861.82 , 870.65 , 944.17 , 996.03 ," 1,089.40 "," 1,606.70 "," 2,217.29 "," 4,800.27 "," 15,420.13 ", 615.34 , 772.23 , 911.73 ," 1,000.28 "," 1,072.69 "," 1,196.01 "," 1,431.43 "," 1,595.95 "," 2,103.14 "," 4,721.34 "," 17,467.09 ", 840.35 ," 1,015.84 "," 1,090.25 "," 1,108.23 "," 1,271.27 "," 1,341.30 "," 1,429.71 "," 1,808.66 "," 2,374.78 "," 5,186.72 ",4.7,0.3,6.2,5.8,14.9,13.6,20.1,31.4,-0.7,-5.2,-1.6,13.3,36.6,31.6,19.6,10.8,18.5,12.2,-0.1,13.3,12.9,9.9
Bataan," 74,626.73 "," 2,960.18 "," 4,007.20 "," 4,614.35 "," 5,231.80 "," 6,113.36 "," 6,483.69 "," 6,840.08 "," 8,444.53 "," 9,551.95 "," 20,379.59 "," 76,371.47 "," 2,889.87 "," 4,054.09 "," 4,705.24 "," 5,218.69 "," 5,561.95 "," 6,382.95 "," 7,075.05 "," 8,559.97 "," 9,471.29 "," 22,452.36 "," 83,190.70 "," 3,663.45 "," 4,612.39 "," 5,101.35 "," 6,257.03 "," 6,880.33 "," 7,385.34 "," 7,945.03 "," 9,469.98 "," 11,637.52 "," 20,238.28 ",2.3,-2.4,1.2,2.0,-0.3,-9.0,-1.6,3.4,1.4,-0.8,10.2,8.9,26.8,13.8,8.4,19.9,23.7,15.7,12.3,10.6,22.9,-9.9
Bulacan," 289,140.33 "," 13,347.37 "," 16,170.30 "," 19,603.63 "," 21,732.12 "," 24,108.05 "," 27,779.06 "," 27,796.07 "," 31,916.33 "," 42,411.01 "," 64,276.40 "," 301,231.77 "," 13,696.51 "," 19,038.71 "," 20,477.30 "," 21,213.87 "," 25,647.67 "," 26,006.34 "," 30,471.34 "," 33,663.69 "," 41,397.88 "," 69,618.47 "," 342,693.71 "," 19,188.78 "," 23,684.81 "," 26,399.89 "," 28,168.57 "," 28,215.41 "," 33,627.41 "," 36,692.92 "," 38,859.48 "," 46,692.62 "," 61,163.82 ",4.2,2.6,17.7,4.5,-2.4,6.4,-6.4,9.6,5.5,-2.4,8.3,13.8,40.1,24.4,28.9,32.8,10.0,29.3,20.4,15.4,12.8,-12.1
Nueva Ecija," 165,534.08 "," 6,864.40 "," 8,628.78 "," 9,538.76 "," 10,806.35 "," 12,333.21 "," 13,045.16 "," 14,603.62 "," 17,431.09 "," 24,036.77 "," 48,245.94 "," 153,064.11 "," 7,913.22 "," 9,155.88 "," 9,983.68 "," 11,449.88 "," 12,792.84 "," 13,588.87 "," 15,138.33 "," 16,188.33 "," 20,590.88 "," 36,262.20 "," 194,488.54 "," 11,480.74 "," 13,683.66 "," 14,776.88 "," 16,578.20 "," 16,799.76 "," 18,761.34 "," 19,950.40 "," 22,610.58 "," 23,756.34 "," 36,090.64 ",-7.5,15.3,6.1,4.7,6.0,3.7,4.2,3.7,-7.1,-14.3,-24.8,27.1,45.1,49.5,48.0,44.8,31.3,38.1,31.8,39.7,15.4,-0.5
Pampanga (Excluding City of Angeles)," 186,598.49 "," 11,025.36 "," 13,280.67 "," 14,567.20 "," 16,014.04 "," 16,386.91 "," 17,921.42 "," 17,929.12 "," 19,813.78 "," 24,561.50 "," 35,098.49 "," 208,224.49 "," 12,836.63 "," 14,281.04 "," 14,939.41 "," 18,069.98 "," 18,017.38 "," 20,090.63 "," 21,338.51 "," 23,676.55 "," 26,576.93 "," 38,397.42 "," 251,756.60 "," 16,335.87 "," 18,777.17 "," 20,174.45 "," 22,525.39 "," 21,067.45 "," 24,400.81 "," 26,185.87 "," 27,841.23 "," 30,527.82 "," 43,920.54 ",11.6,16.4,7.5,2.6,12.8,10.0,12.1,19.0,19.5,8.2,9.4,20.9,27.3,31.5,35.0,24.7,16.9,21.5,22.7,17.6,14.9,14.4
City of Angeles," 39,223.47 "," 2,354.89 "," 2,710.55 "," 2,890.25 "," 3,244.12 "," 3,542.74 "," 3,573.39 "," 4,073.35 "," 4,388.53 "," 4,835.36 "," 7,610.29 "," 56,827.90 "," 3,435.55 "," 3,815.46 "," 4,256.86 "," 4,407.98 "," 5,035.15 "," 5,289.04 "," 5,551.37 "," 6,160.52 "," 6,786.25 "," 12,089.72 "," 69,727.85 "," 4,790.08 "," 5,672.65 "," 5,843.41 "," 6,195.45 "," 6,770.01 "," 6,937.27 "," 7,303.45 "," 7,785.74 "," 8,178.31 "," 10,251.47 ",44.9,45.9,40.8,47.3,35.9,42.1,48.0,36.3,40.4,40.4,58.9,22.7,39.4,48.7,37.3,40.6,34.5,31.2,31.6,26.4,20.5,-15.2
Tarlac," 91,533.05 "," 4,231.54 "," 5,327.98 "," 6,496.71 "," 6,466.49 "," 7,405.57 "," 7,916.90 "," 9,239.00 "," 10,547.86 "," 13,060.01 "," 20,841.00 "," 107,978.41 "," 5,397.04 "," 6,497.31 "," 7,184.48 "," 8,173.06 "," 8,117.40 "," 9,527.58 "," 10,801.66 "," 12,190.41 "," 15,315.64 "," 24,773.83 "," 134,488.68 "," 6,617.01 "," 9,334.00 "," 10,067.02 "," 10,914.86 "," 11,876.29 "," 12,847.06 "," 12,848.77 "," 14,509.09 "," 18,206.08 "," 27,268.50 ",18.0,27.5,22.0,10.6,26.4,9.6,20.3,16.9,15.6,17.3,18.9,24.6,22.6,43.7,40.1,33.6,46.3,34.8,19.0,19.0,18.9,10.1
Zambales (Excluding City of Olongapo)," 45,949.56 "," 1,936.71 "," 2,672.41 "," 2,950.40 "," 3,119.70 "," 3,333.45 "," 4,066.04 "," 4,757.47 "," 5,337.52 "," 6,511.52 "," 11,264.34 "," 42,752.79 "," 2,308.95 "," 2,522.44 "," 2,911.45 "," 3,143.70 "," 3,492.34 "," 3,715.66 "," 4,233.61 "," 4,568.97 "," 6,227.76 "," 9,627.91 "," 53,999.20 "," 3,028.96 "," 3,585.27 "," 4,008.02 "," 4,321.68 "," 4,762.56 "," 4,842.27 "," 6,020.65 "," 5,964.70 "," 6,981.47 "," 10,483.62 ",-7.0,19.2,-5.6,-1.3,0.8,4.8,-8.6,-11.0,-14.4,-4.4,-14.5,26.3,31.2,42.1,37.7,37.5,36.4,30.3,42.2,30.6,12.1,8.9
City of Olongapo," 22,265.22 "," 1,131.24 "," 1,421.29 "," 1,591.07 "," 1,578.96 "," 1,869.60 "," 2,193.13 "," 2,316.67 "," 2,603.01 "," 2,842.26 "," 4,717.99 "," 20,650.47 "," 1,125.59 "," 1,364.91 "," 1,498.35 "," 1,620.30 "," 1,906.31 "," 1,918.49 "," 2,229.36 "," 2,370.30 "," 2,571.14 "," 4,045.72 "," 24,236.46 "," 1,275.60 "," 1,597.58 "," 1,722.11 "," 2,085.23 "," 2,162.14 "," 2,230.99 "," 2,552.52 "," 2,554.26 "," 3,106.78 "," 4,949.24 ",-7.3,-0.5,-4.0,-5.8,2.6,2.0,-12.5,-3.8,-8.9,-9.5,-14.3,17.4,13.3,17.1,14.9,28.7,13.4,16.3,14.5,7.8,20.8,22.3
,,,,,,,,,,,,,,,,,,,,,,,,,,,,,,,,,,,,,,,,,,,,,,,,,,,,,,,
REGION IVA - CALABARZON," 1,444,428.65 "," 54,781.78 "," 74,341.12 "," 87,897.35 "," 98,515.50 "," 114,417.39 "," 128,966.66 "," 146,255.85 "," 168,480.23 "," 209,917.92 "," 360,854.86 "," 1,473,719.35 "," 61,298.83 "," 80,857.00 "," 93,968.81 "," 108,809.40 "," 118,461.02 "," 135,159.05 "," 149,952.62 "," 173,252.10 "," 202,523.93 "," 349,436.59 "," 1,835,949.76 "," 80,670.76 "," 100,678.60 "," 117,182.10 "," 131,639.23 "," 147,110.00 "," 162,806.73 "," 189,844.33 "," 210,363.29 "," 256,395.36 "," 439,259.36 ",2.0,11.9,8.8,6.9,10.5,3.5,4.8,2.5,2.8,-3.5,-3.2,24.6,31.6,24.5,24.7,21.0,24.2,20.5,26.6,21.4,26.6,25.7
Batangas," 245,525.68 "," 10,695.71 "," 12,515.48 "," 15,720.82 "," 16,173.37 "," 19,888.30 "," 21,272.83 "," 22,652.89 "," 27,584.76 "," 35,574.04 "," 63,447.48 "," 270,317.58 "," 13,491.75 "," 15,926.96 "," 18,281.64 "," 19,775.34 "," 20,659.39 "," 25,011.22 "," 26,880.54 "," 34,258.81 "," 34,933.99 "," 61,097.96 "," 327,130.55 "," 15,812.56 "," 18,803.46 "," 21,804.79 "," 24,124.34 "," 27,332.17 "," 28,811.43 "," 31,639.43 "," 37,867.52 "," 44,228.13 "," 76,706.73 ",10.1,26.1,27.3,16.3,22.3,3.9,17.6,18.7,24.2,-1.8,-3.7,21.0,17.2,18.1,19.3,22.0,32.3,15.2,17.7,10.5,26.6,25.6
Cavite," 391,492.64 "," 16,117.17 "," 23,321.84 "," 26,593.72 "," 27,944.31 "," 31,693.93 "," 38,671.54 "," 39,938.19 "," 48,075.92 "," 55,236.85 "," 83,899.16 "," 426,816.26 "," 18,926.84 "," 24,877.93 "," 29,622.38 "," 32,946.00 "," 36,300.78 "," 38,078.24 "," 43,195.63 "," 46,207.20 "," 56,578.75 "," 100,082.52 "," 527,020.97 "," 25,575.28 "," 33,277.06 "," 35,966.51 "," 39,130.95 "," 44,609.95 "," 51,832.31 "," 52,854.20 "," 57,280.39 "," 76,099.32 "," 110,395.01 ",9.0,17.4,6.7,11.4,17.9,14.5,-1.5,8.2,-3.9,2.4,19.3,23.5,35.1,33.8,21.4,18.8,22.9,36.1,22.4,24.0,34.5,10.3
Laguna," 344,571.35 "," 13,051.98 "," 18,221.79 "," 20,325.42 "," 25,085.78 "," 27,496.58 "," 30,374.50 "," 34,663.55 "," 42,149.40 "," 50,780.31 "," 82,422.04 "," 326,574.32 "," 14,014.76 "," 18,402.11 "," 22,174.15 "," 24,572.53 "," 26,591.21 "," 30,778.49 "," 35,469.85 "," 39,439.60 "," 45,302.00 "," 69,829.63 "," 440,820.18 "," 20,268.14 "," 25,889.19 "," 28,537.96 "," 32,799.71 "," 35,510.49 "," 42,435.89 "," 43,380.88 "," 51,280.57 "," 58,380.15 "," 102,337.19 ",-5.2,7.4,1.0,9.1,-2.1,-3.3,1.3,2.3,-6.4,-10.8,-15.3,35.0,44.6,40.7,28.7,33.5,33.5,37.9,22.3,30.0,28.9,46.6
Quezon (Excluding City of Lucena)," 105,870.62 "," 4,739.06 "," 5,987.20 "," 6,970.13 "," 7,203.80 "," 8,103.12 "," 8,451.44 "," 9,884.88 "," 11,712.30 "," 14,244.78 "," 28,573.92 "," 105,817.25 "," 4,796.60 "," 6,300.99 "," 6,944.43 "," 7,537.52 "," 7,933.01 "," 8,672.98 "," 10,094.18 "," 11,324.58 "," 14,262.63 "," 27,950.32 "," 122,275.35 "," 7,148.38 "," 8,407.99 "," 8,616.78 "," 9,397.29 "," 9,531.77 "," 10,208.91 "," 11,630.54 "," 13,607.76 "," 14,819.26 "," 28,906.68 ",-0.1,1.2,5.2,-0.4,4.6,-2.1,2.6,2.1,-3.3,0.1,-2.2,15.6,49.0,33.4,24.1,24.7,20.2,17.7,15.2,20.2,3.9,3.4
City of Lucena," 23,064.57 "," 1,043.15 "," 1,219.79 "," 1,579.76 "," 1,538.79 "," 1,770.62 "," 1,890.71 "," 2,131.37 "," 3,033.83 "," 3,538.47 "," 5,318.08 "," 21,943.32 "," 1,039.30 "," 1,312.24 "," 1,291.04 "," 1,492.04 "," 1,644.74 "," 1,932.87 "," 2,112.32 "," 2,467.61 "," 2,859.45 "," 5,791.72 "," 24,776.36 "," 1,390.04 "," 1,629.41 "," 1,743.22 "," 1,899.58 "," 2,115.90 "," 2,304.01 "," 2,439.65 "," 2,532.32 "," 3,439.64 "," 5,282.60 ",-4.9,-0.4,7.6,-18.3,-3.0,-7.1,2.2,-0.9,-18.7,-19.2,8.9,12.9,33.8,24.2,35.0,27.3,28.7,19.2,15.5,2.6,20.3,-8.8
Rizal," 333,903.80 "," 13,703.73 "," 18,250.45 "," 20,804.79 "," 22,669.76 "," 25,312.35 "," 29,400.40 "," 31,899.29 "," 35,762.28 "," 46,075.02 "," 90,025.73 "," 322,250.62 "," 15,356.55 "," 18,889.84 "," 21,328.70 "," 23,396.67 "," 26,240.96 "," 27,043.22 "," 32,114.31 "," 34,946.29 "," 44,667.49 "," 78,266.59 "," 393,926.36 "," 16,888.04 "," 20,830.74 "," 24,165.49 "," 27,081.26 "," 28,256.09 "," 31,842.80 "," 40,224.12 "," 44,402.91 "," 52,516.61 "," 107,718.31 ",-3.5,12.1,3.5,2.5,3.2,3.7,-8.0,0.7,-2.3,-3.1,-13.1,22.2,10.0,10.3,13.3,15.8,7.7,17.8,25.3,27.1,17.6,37.6
,,,,,,,,,,,,,,,,,,,,,,,,,,,,,,,,,,,,,,,,,,,,,,,,,,,,,,,
MIMAROPA REGION," 189,684.30 "," 8,121.15 "," 10,336.37 "," 11,338.73 "," 12,140.92 "," 13,262.76 "," 14,480.21 "," 16,642.00 "," 19,611.39 "," 25,744.75 "," 58,006.00 "," 200,723.78 "," 8,366.80 "," 10,452.19 "," 11,893.46 "," 12,792.05 "," 14,221.78 "," 15,697.46 "," 17,357.48 "," 20,732.94 "," 28,904.36 "," 60,305.26 "," 219,015.17 "," 9,526.67 "," 12,795.43 "," 13,356.05 "," 14,099.56 "," 16,100.53 "," 17,052.97 "," 19,062.68 "," 22,951.97 "," 28,244.71 "," 65,824.60 ",5.8,3.0,1.1,4.9,5.4,7.2,8.4,4.3,5.7,12.3,4.0,9.1,13.9,22.4,12.3,10.2,13.2,8.6,9.8,10.7,-2.3,9.2
Marinduque," 13,929.42 ", 633.02 , 768.73 , 863.27 , 952.10 , 954.78 ," 1,047.45 "," 1,189.31 "," 1,532.68 "," 1,943.16 "," 4,044.93 "," 13,151.60 ", 682.49 , 776.24 , 828.61 , 944.59 , 941.58 ," 1,089.89 "," 1,219.86 "," 1,308.57 "," 1,910.66 "," 3,449.11 "," 16,627.80 ", 919.32 ," 1,033.96 "," 1,117.38 "," 1,235.47 "," 1,192.88 "," 1,298.28 "," 1,484.08 "," 1,700.70 "," 2,161.66 "," 4,484.07 ",-5.6,7.8,1.0,-4.0,-0.8,-1.4,4.1,2.6,-14.6,-1.7,-14.7,26.4,34.7,33.2,34.9,30.8,26.7,19.1,21.7,30.0,13.1,30.0
Occidental Mindoro," 29,226.21 "," 1,003.57 "," 1,470.28 "," 1,544.07 "," 1,769.82 "," 1,873.36 "," 1,993.36 "," 2,395.74 "," 2,769.89 "," 4,133.10 "," 10,273.03 "," 31,183.79 "," 1,156.16 "," 1,546.83 "," 1,777.86 "," 1,925.43 "," 2,124.86 "," 2,593.24 "," 2,708.07 "," 3,502.41 "," 4,642.68 "," 9,206.25 "," 35,510.45 "," 1,282.25 "," 1,792.72 "," 2,136.87 "," 2,223.39 "," 2,465.67 "," 2,541.57 "," 2,926.43 "," 3,707.63 "," 4,936.32 "," 11,497.60 ",6.7,15.2,5.2,15.1,8.8,13.4,30.1,13.0,26.5,12.3,-10.4,13.9,10.9,15.9,20.2,15.5,16.0,-2.0,8.1,5.9,6.3,24.9
Oriental Mindoro," 59,707.97 "," 2,568.51 "," 3,175.03 "," 3,330.90 "," 3,855.74 "," 4,063.63 "," 4,259.81 "," 5,139.45 "," 5,986.94 "," 7,939.16 "," 19,388.80 "," 60,870.13 "," 2,194.80 "," 2,990.86 "," 3,519.62 "," 3,678.67 "," 4,494.15 "," 4,774.36 "," 5,599.73 "," 6,613.13 "," 9,094.49 "," 17,910.32 "," 58,399.02 "," 2,635.60 "," 3,563.22 "," 3,824.55 "," 4,266.93 "," 4,977.62 "," 4,720.80 "," 5,681.65 "," 5,999.17 "," 7,262.11 "," 15,467.38 ",2.0,-14.6,-5.8,5.7,-4.6,10.6,12.1,9.0,10.5,14.6,-7.6,-4.1,20.1,19.1,8.7,16.0,10.8,-1.1,1.5,-9.3,-20.2,-13.6
Palawan (Excluding City of Puerto Princesa)," 46,531.88 "," 2,606.68 "," 3,156.81 "," 3,286.80 "," 3,518.69 "," 3,753.10 "," 4,073.14 "," 4,471.01 "," 5,162.36 "," 5,787.66 "," 10,715.63 "," 55,649.38 "," 2,677.85 "," 3,257.37 "," 3,617.33 "," 3,730.70 "," 4,180.80 "," 4,457.98 "," 4,796.90 "," 5,408.29 "," 6,062.96 "," 17,459.20 "," 60,934.49 "," 2,785.83 "," 3,441.07 "," 3,764.22 "," 3,975.54 "," 4,018.95 "," 4,224.82 "," 5,711.30 "," 5,884.27 "," 7,633.99 "," 19,494.50 ",19.6,2.7,3.2,10.1,6.0,11.4,9.5,7.3,4.8,4.8,62.9,9.5,4.0,5.6,4.1,6.6,-3.9,-5.2,19.1,8.8,25.9,11.7
City of Puerto Princesa," 24,127.15 "," 1,083.50 "," 1,348.35 "," 1,411.83 "," 1,581.68 "," 1,905.09 "," 2,031.41 "," 2,426.09 "," 2,956.20 "," 3,235.32 "," 6,147.67 "," 24,099.61 "," 1,041.91 "," 1,243.00 "," 1,405.43 "," 1,598.15 "," 1,760.56 "," 1,787.63 "," 2,129.83 "," 2,849.55 "," 3,706.53 "," 6,577.01 "," 28,838.32 "," 1,383.33 "," 1,616.29 "," 1,845.47 "," 2,001.27 "," 2,128.76 "," 2,429.28 "," 2,595.03 "," 3,284.68 "," 4,247.22 "," 7,307.01 ",-0.1,-3.8,-7.8,-0.5,1.0,-7.6,-12.0,-12.2,-3.6,14.6,7.0,19.7,32.8,30.0,31.3,25.2,20.9,35.9,21.8,15.3,14.6,11.1
Romblon," 16,161.67 ", 759.53 , 862.84 , 912.12 , 941.70 , 993.73 ," 1,073.69 "," 1,226.20 "," 1,280.36 "," 1,844.49 "," 6,267.00 "," 15,769.27 ", 760.80 , 863.82 , 954.35 ," 1,009.11 "," 1,029.53 "," 1,208.30 "," 1,200.34 "," 1,419.55 "," 2,130.65 "," 5,192.82 "," 18,705.10 "," 1,062.99 "," 1,182.42 "," 1,228.43 "," 1,170.53 "," 1,291.27 "," 1,298.11 "," 1,381.93 "," 1,698.78 "," 2,425.79 "," 5,964.86 ",-2.4,0.2,0.1,4.6,7.2,3.6,12.5,-2.1,10.9,15.5,-17.1,18.6,39.7,36.9,28.7,16.0,25.4,7.4,15.1,19.7,13.9,14.9
,,,,,,,,,,,,,,,,,,,,,,,,,,,,,,,,,,,,,,,,,,,,,,,,,,,,,,,
REGION V - BICOL REGION," 300,778.00 "," 14,024.51 "," 17,127.95 "," 18,200.12 "," 19,532.08 "," 21,659.59 "," 23,875.50 "," 26,087.22 "," 30,017.84 "," 42,474.87 "," 87,778.32 "," 337,218.04 "," 15,067.39 "," 18,571.89 "," 21,221.44 "," 21,718.12 "," 23,919.28 "," 26,158.77 "," 28,810.50 "," 34,927.32 "," 48,117.12 "," 98,706.21 "," 394,959.39 "," 19,534.18 "," 22,657.18 "," 24,717.79 "," 27,198.52 "," 28,004.80 "," 30,604.25 "," 33,484.69 "," 39,621.97 "," 53,726.09 "," 115,409.91 ",12.1,7.4,8.4,16.6,11.2,10.4,9.6,10.4,16.4,13.3,12.5,17.1,29.7,22.0,16.5,25.2,17.1,17.0,16.2,13.4,11.7,16.9
Albay," 74,077.26 "," 3,545.11 "," 3,975.40 "," 4,208.32 "," 4,973.94 "," 5,542.31 "," 5,723.40 "," 6,127.21 "," 7,748.60 "," 11,527.50 "," 20,705.47 "," 88,994.16 "," 3,655.57 "," 4,398.69 "," 5,355.14 "," 5,773.14 "," 6,043.80 "," 7,143.79 "," 7,547.84 "," 9,237.68 "," 13,883.77 "," 25,954.73 "," 90,854.58 "," 4,695.71 "," 5,731.11 "," 6,181.01 "," 6,219.26 "," 7,071.64 "," 7,232.62 "," 8,083.39 "," 9,629.04 "," 12,976.74 "," 23,034.05 ",20.1,3.1,10.7,27.3,16.1,9.1,24.8,23.2,19.2,20.4,25.4,2.1,28.5,30.3,15.4,7.7,17.0,1.2,7.1,4.2,-6.5,-11.3
Camarines Norte," 29,098.00 "," 1,485.90 "," 1,763.19 "," 1,985.51 "," 1,991.57 "," 2,168.44 "," 2,292.15 "," 2,591.59 "," 2,997.47 "," 4,145.37 "," 7,676.80 "," 39,512.56 "," 1,696.38 "," 2,185.84 "," 2,388.75 "," 2,471.63 "," 2,981.99 "," 3,007.90 "," 3,535.69 "," 3,883.88 "," 5,517.71 "," 11,842.79 "," 43,502.69 "," 2,325.98 "," 2,736.75 "," 3,017.25 "," 3,034.99 "," 3,258.95 "," 3,397.66 "," 3,888.86 "," 3,962.85 "," 5,347.36 "," 12,532.05 ",35.8,14.2,24.0,20.3,24.1,37.5,31.2,36.4,29.6,33.1,54.3,10.1,37.1,25.2,26.3,22.8,9.3,13.0,10.0,2.0,-3.1,5.8
Camarines Sur," 105,284.33 "," 4,648.54 "," 6,015.82 "," 6,125.71 "," 6,854.30 "," 7,323.97 "," 8,328.90 "," 9,560.86 "," 10,432.80 "," 14,366.95 "," 31,626.48 "," 105,951.90 "," 4,777.79 "," 5,771.25 "," 6,691.38 "," 7,099.50 "," 7,409.46 "," 8,613.83 "," 9,032.67 "," 11,639.53 "," 15,147.77 "," 29,768.71 "," 145,585.47 "," 6,092.01 "," 7,331.68 "," 8,224.60 "," 9,324.31 "," 9,503.83 "," 11,101.21 "," 11,916.27 "," 15,260.58 "," 23,423.04 "," 43,407.93 ",0.6,2.8,-4.1,9.2,3.6,1.2,3.4,-5.5,11.6,5.4,-5.9,37.4,27.5,27.0,22.9,31.3,28.3,28.9,31.9,31.1,54.6,45.8
Catanduanes," 14,302.16 ", 687.97 , 796.71 , 942.96 , 948.30 ," 1,084.23 "," 1,213.03 "," 1,197.87 "," 1,494.87 "," 2,097.57 "," 3,838.65 "," 17,247.96 ", 760.24 , 943.13 , 990.09 ," 1,066.72 "," 1,170.15 "," 1,311.62 "," 1,444.56 "," 1,773.73 "," 2,553.62 "," 5,234.10 "," 17,194.94 ", 782.17 , 882.69 ," 1,014.33 "," 1,093.29 "," 1,150.52 "," 1,238.37 "," 1,363.97 "," 1,768.24 "," 2,468.26 "," 5,433.10 ",20.6,10.5,18.4,5.0,12.5,7.9,8.1,20.6,18.7,21.7,36.4,-0.3,2.9,-6.4,2.5,2.5,-1.7,-5.6,-5.6,-0.3,-3.3,3.8
Masbate," 37,263.97 "," 1,929.56 "," 2,195.87 "," 2,411.12 "," 2,461.66 "," 2,755.70 "," 2,733.41 "," 3,038.58 "," 3,482.00 "," 4,970.53 "," 11,285.53 "," 43,587.47 "," 2,251.77 "," 2,609.04 "," 2,891.32 "," 2,993.11 "," 3,154.52 "," 3,360.93 "," 3,669.26 "," 3,695.36 "," 5,503.62 "," 13,458.54 "," 52,754.29 "," 3,041.94 "," 3,363.54 "," 3,418.88 "," 3,928.53 "," 4,144.12 "," 4,683.39 "," 4,413.19 "," 4,970.94 "," 6,190.75 "," 14,599.00 ",17.0,16.7,18.8,19.9,21.6,14.5,23.0,20.8,6.1,10.7,19.3,21.0,35.1,28.9,18.3,31.3,31.4,39.4,20.3,34.5,12.5,8.5
Sorsogon," 40,752.28 "," 2,058.37 "," 2,498.62 "," 2,683.78 "," 2,880.68 "," 3,130.41 "," 3,262.08 "," 3,234.11 "," 4,106.79 "," 5,252.87 "," 11,644.56 "," 41,923.99 "," 2,185.60 "," 2,693.86 "," 2,834.91 "," 3,010.98 "," 3,095.48 "," 3,409.42 "," 3,600.09 "," 3,912.20 "," 5,353.05 "," 11,828.39 "," 45,067.41 "," 2,684.63 "," 2,923.80 "," 3,093.17 "," 3,175.55 "," 3,464.25 "," 3,549.50 "," 3,661.62 "," 4,185.94 "," 5,705.35 "," 12,623.60 ",2.9,6.2,7.8,5.6,4.5,-1.1,4.5,11.3,-4.7,1.9,1.6,7.5,22.8,8.5,9.1,5.5,11.9,4.1,1.7,7.0,6.6,6.7
,,,,,,,,,,,,,,,,,,,,,,,,,,,,,,,,,,,,,,,,,,,,,,,,,,,,,,,
REGION VI - WESTERN VISAYAS," 308,013.53 "," 13,816.31 "," 16,046.06 "," 17,861.94 "," 18,959.54 "," 20,941.59 "," 22,246.93 "," 26,086.46 "," 33,154.74 "," 45,240.64 "," 93,659.31 "," 339,848.92 "," 13,536.22 "," 17,075.64 "," 18,648.45 "," 20,091.68 "," 22,002.47 "," 25,943.48 "," 28,840.66 "," 35,762.86 "," 51,651.82 "," 106,295.64 "," 387,743.11 "," 18,127.64 "," 20,974.40 "," 24,180.95 "," 26,980.84 "," 29,260.73 "," 31,051.22 "," 35,641.14 "," 40,625.57 "," 56,346.76 "," 104,553.86 ",10.34,-2.03,6.42,4.40,5.97,5.07,16.62,10.56,7.87,14.17,13.49,14.09,33.92,22.83,29.67,34.29,32.99,19.69,23.58,13.60,9.09,-1.64
Aklan," 39,037.74 "," 1,807.77 "," 2,169.57 "," 2,458.08 "," 2,626.46 "," 2,684.68 "," 2,835.68 "," 3,216.80 "," 3,959.54 "," 5,272.25 "," 12,006.91 "," 43,355.14 "," 1,827.73 "," 2,135.82 "," 2,469.14 "," 2,661.74 "," 2,921.08 "," 3,091.04 "," 3,450.76 "," 4,183.11 "," 6,232.78 "," 14,381.94 "," 52,940.29 "," 2,822.02 "," 3,168.80 "," 3,550.99 "," 3,977.28 "," 4,176.18 "," 4,312.31 "," 4,606.31 "," 5,410.07 "," 7,834.68 "," 13,081.65 ",11.1,1.1,-1.6,0.5,1.3,8.8,9.0,7.3,5.7,18.2,19.8,22.1,54.4,48.4,43.8,49.4,43.0,39.5,33.5,29.3,25.7,-9.0
Antique," 33,637.29 "," 1,669.34 "," 1,905.69 "," 1,982.71 "," 2,289.99 "," 2,424.09 "," 2,613.32 "," 2,798.87 "," 3,961.16 "," 4,318.77 "," 9,673.35 "," 38,872.05 "," 1,404.29 "," 1,825.85 "," 2,076.21 "," 2,311.60 "," 2,835.17 "," 2,971.82 "," 3,244.40 "," 4,323.71 "," 5,810.52 "," 12,068.48 "," 46,334.86 "," 2,052.07 "," 2,482.52 "," 2,785.94 "," 2,988.64 "," 3,437.03 "," 3,388.03 "," 4,338.42 "," 4,393.93 "," 7,134.81 "," 13,333.49 ",15.6,-15.9,-4.2,4.7,0.9,17.0,13.7,15.9,9.2,34.5,24.8,19.2,46.1,36.0,34.2,29.3,21.2,14.0,33.7,1.6,22.8,10.5
Capiz," 44,951.80 "," 2,651.39 "," 2,882.34 "," 3,125.13 "," 3,307.13 "," 3,518.51 "," 3,655.66 "," 4,017.89 "," 4,336.97 "," 5,501.76 "," 11,955.02 "," 51,242.18 "," 3,057.58 "," 3,648.90 "," 3,529.60 "," 3,906.50 "," 3,992.22 "," 4,252.90 "," 4,646.84 "," 5,014.73 "," 6,194.56 "," 12,998.35 "," 58,160.17 "," 3,137.28 "," 3,744.59 "," 4,254.27 "," 4,759.71 "," 4,503.67 "," 5,150.22 "," 5,226.59 "," 6,316.73 "," 7,358.11 "," 13,709.00 ",14.0,15.3,26.6,12.9,18.1,13.5,16.3,15.7,15.6,12.6,8.7,13.5,2.6,2.6,20.5,21.8,12.8,21.1,12.5,26.0,18.8,5.5
Iloilo (Excluding City of Iloilo)," 134,495.07 "," 5,895.71 "," 6,770.88 "," 7,124.43 "," 8,132.89 "," 8,495.48 "," 9,531.34 "," 11,367.09 "," 14,801.35 "," 21,423.98 "," 40,951.91 "," 150,225.52 "," 5,716.81 "," 7,312.75 "," 7,655.97 "," 7,740.00 "," 8,778.11 "," 11,245.46 "," 12,918.66 "," 16,941.14 "," 25,416.23 "," 46,500.39 "," 168,660.15 "," 7,766.69 "," 8,808.02 "," 9,971.79 "," 11,182.56 "," 12,488.69 "," 13,690.74 "," 15,025.71 "," 17,735.13 "," 24,106.35 "," 47,884.47 ",11.7,-3.0,8.0,7.5,-4.8,3.3,18.0,13.7,14.5,18.6,13.6,12.3,35.9,20.5,30.3,44.5,42.3,21.7,16.3,4.7,-5.2,3.0
City of Iloilo," 44,496.21 "," 1,903.43 "," 2,114.28 "," 2,538.44 "," 2,736.65 "," 2,962.80 "," 3,688.06 "," 3,991.55 "," 4,727.84 "," 6,419.50 "," 13,413.65 "," 44,791.84 "," 1,699.84 "," 2,105.60 "," 2,682.14 "," 2,781.05 "," 3,062.63 "," 3,295.54 "," 4,143.92 "," 4,934.66 "," 5,883.19 "," 14,203.25 "," 48,221.07 "," 2,222.99 "," 2,624.34 "," 3,138.10 "," 3,759.56 "," 3,965.44 "," 3,765.15 "," 4,777.84 "," 5,099.52 "," 6,946.12 "," 11,922.01 ",0.7,-10.7,-0.4,5.7,1.6,3.4,-10.6,3.8,4.4,-8.4,5.9,7.7,30.8,24.6,17.0,35.2,29.5,14.3,15.3,3.3,18.1,-16.1
Guimaras," 11,395.42 ", 573.54 , 755.54 , 730.83 , 796.32 , 856.35 , 896.22 , 931.43 ," 1,067.26 "," 1,365.82 "," 3,422.11 "," 11,362.19 ", 596.38 , 747.77 , 727.75 , 792.30 , 823.33 , 795.26 ," 1,059.17 "," 1,136.80 "," 1,340.16 "," 3,343.26 "," 13,426.57 ", 887.04 , 985.36 ," 1,028.39 "," 1,086.87 "," 1,045.64 "," 1,082.94 "," 1,240.10 "," 1,267.97 "," 1,878.86 "," 2,923.41 ",-0.3,4.0,-1.0,-0.4,-0.5,-3.9,-11.3,13.7,6.5,-1.9,-2.3,18.2,48.7,31.8,41.3,37.2,27.0,36.2,17.1,11.5,40.2,-12.6
,,,,,,,,,,,,,,,,,,,,,,,,,,,,,,,,,,,,,,,,,,,,,,,,,,,,,,,
NEGROS ISLAND REGION," 271,549.16 "," 10,737.01 "," 13,188.11 "," 15,551.35 "," 16,673.63 "," 18,460.52 "," 20,429.98 "," 24,421.83 "," 29,198.45 "," 39,429.71 "," 83,458.56 "," 272,073.12 "," 11,276.16 "," 14,590.21 "," 16,766.81 "," 17,990.21 "," 19,518.00 "," 22,072.03 "," 24,805.46 "," 27,346.80 "," 42,169.88 "," 75,537.57 "," 314,461.45 "," 13,188.15 "," 16,173.89 "," 19,531.51 "," 21,383.94 "," 23,182.55 "," 26,083.16 "," 30,395.50 "," 35,622.07 "," 45,193.46 "," 83,707.22 ",0.19,5.02,10.63,7.82,7.90,5.73,8.04,1.57,-6.34,6.95,-9.49,15.58,16.96,10.85,16.49,18.86,18.78,18.17,22.54,30.26,7.17,10.82
Negros Occidental (Excluding City of Bacolod)," 128,424.68 "," 5,884.70 "," 7,243.85 "," 8,226.91 "," 9,036.68 "," 9,505.08 "," 10,573.33 "," 12,018.67 "," 13,575.52 "," 17,653.64 "," 34,706.31 "," 130,457.84 "," 6,677.58 "," 8,332.31 "," 9,264.97 "," 9,745.67 "," 10,147.35 "," 11,594.30 "," 12,082.07 "," 13,542.04 "," 16,041.29 "," 33,030.25 "," 159,884.00 "," 8,220.28 "," 9,444.21 "," 11,233.12 "," 12,195.42 "," 12,262.26 "," 13,293.20 "," 15,598.14 "," 18,074.33 "," 19,030.81 "," 40,532.24 ",1.6,13.5,15.0,12.6,7.9,6.8,9.7,0.5,-0.3,-9.1,-4.8,22.6,23.1,13.3,21.2,25.1,20.8,14.7,29.1,33.5,18.6,22.7
City of Bacolod," 50,096.26 "," 2,138.80 "," 2,541.52 "," 2,928.96 "," 3,493.02 "," 3,735.94 "," 4,083.22 "," 4,316.01 "," 5,816.69 "," 7,189.82 "," 13,852.27 "," 50,466.85 "," 2,357.88 "," 2,837.76 "," 3,380.52 "," 3,789.73 "," 4,044.75 "," 4,342.04 "," 4,925.87 "," 5,593.22 "," 7,476.68 "," 11,718.39 "," 53,993.48 "," 2,789.94 "," 3,579.74 "," 3,946.64 "," 4,123.41 "," 4,880.27 "," 5,058.79 "," 5,351.05 "," 6,656.25 "," 7,417.82 "," 10,189.57 ",0.7,10.2,11.7,15.4,8.5,8.3,6.3,14.1,-3.8,4.0,-15.4,7.0,18.3,26.2,16.8,8.8,20.7,16.5,8.6,19.0,-0.8,-13.1
Negros Oriental," 85,891.23 "," 2,915.12 "," 3,832.43 "," 4,293.19 "," 4,721.96 "," 5,285.69 "," 5,542.01 "," 7,023.01 "," 9,185.05 "," 13,175.97 "," 29,916.81 "," 83,154.45 "," 2,931.94 "," 3,560.31 "," 4,269.61 "," 4,944.54 "," 5,367.79 "," 6,256.54 "," 6,891.79 "," 8,271.67 "," 12,868.05 "," 27,792.20 "," 91,615.23 "," 3,128.59 "," 3,941.65 "," 4,475.40 "," 5,242.66 "," 5,853.05 "," 6,938.09 "," 8,059.10 "," 10,863.66 "," 13,585.14 "," 29,527.88 ",-3.2,0.6,-7.1,-0.6,4.7,1.6,12.9,-1.9,-9.9,-2.3,-7.1,10.2,6.7,10.7,4.8,6.0,9.0,10.9,16.9,31.3,5.6,6.3
Siquijor," 7,136.99 ", 295.60 , 337.89 , 429.89 , 426.14 , 485.13 , 565.30 , 674.13 , 676.41 ," 1,057.02 "," 2,189.47 "," 7,993.97 ", 369.87 , 403.72 , 417.18 , 431.86 , 568.50 , 625.57 , 660.84 , 807.18 ," 1,216.02 "," 2,493.23 "," 8,968.74 ", 428.95 , 445.81 , 506.96 , 557.00 , 562.57 , 733.98 , 788.34 , 940.58 ," 1,094.49 "," 2,910.08 ",12.0,25.1,19.5,-3.0,1.3,17.2,10.7,-2.0,19.3,15.0,13.9,12.2,16.0,10.4,21.5,29.0,-1.0,17.3,19.3,16.5,-10.0,16.7
,,,,,,,,,,,,,,,,,,,,,,,,,,,,,,,,,,,,,,,,,,,,,,,,,,,,,,,
REGION VII - CENTRAL VISAYAS," 473,544.02 "," 17,947.97 "," 22,854.84 "," 26,231.86 "," 30,194.38 "," 34,215.35 "," 38,950.34 "," 45,201.08 "," 53,244.03 "," 67,774.26 "," 136,929.91 "," 469,990.58 "," 16,510.60 "," 21,841.63 "," 25,224.94 "," 30,877.72 "," 34,441.05 "," 37,884.86 "," 44,235.05 "," 53,563.64 "," 69,649.70 "," 135,761.38 "," 549,456.44 "," 24,813.52 "," 32,032.44 "," 34,609.09 "," 40,130.04 "," 45,389.87 "," 48,961.53 "," 54,611.39 "," 64,962.98 "," 75,310.01 "," 128,635.57 ",-0.75,-8.01,-4.43,-3.84,2.26,0.66,-2.74,-2.14,0.60,2.77,-0.85,16.91,50.29,46.66,37.20,29.96,31.79,29.24,23.46,21.28,8.13,-5.25
Bohol," 90,017.79 "," 3,766.01 "," 4,456.08 "," 5,001.74 "," 5,148.70 "," 5,901.03 "," 7,017.10 "," 8,036.15 "," 9,427.52 "," 13,525.70 "," 27,737.77 "," 79,760.94 "," 2,937.46 "," 3,940.48 "," 4,885.46 "," 4,821.98 "," 5,689.37 "," 6,519.06 "," 6,731.84 "," 8,426.44 "," 12,496.88 "," 23,311.98 "," 97,234.83 "," 4,090.00 "," 5,035.64 "," 6,230.88 "," 6,692.90 "," 7,058.79 "," 7,850.11 "," 9,206.78 "," 10,410.39 "," 13,296.80 "," 27,362.54 ",-11.4,-22.0,-11.6,-2.3,-6.4,-3.6,-7.1,-16.2,-10.6,-7.6,-16.0,21.9,39.2,27.8,27.5,38.8,24.1,20.4,36.8,23.5,6.4,17.4
Cebu (Excluding the Cities of Cebu  Lapu-Lapu and Mandaue)," 201,406.68 "," 8,269.54 "," 10,324.95 "," 11,981.44 "," 13,373.28 "," 16,151.01 "," 16,858.91 "," 20,319.78 "," 21,435.97 "," 28,379.69 "," 54,312.11 "," 212,854.87 "," 7,671.56 "," 9,858.92 "," 11,675.78 "," 12,751.39 "," 15,770.40 "," 16,646.05 "," 18,297.46 "," 23,709.49 "," 30,958.01 "," 65,515.80 "," 249,098.22 "," 12,444.66 "," 15,422.42 "," 16,289.71 "," 18,530.60 "," 20,209.90 "," 23,058.15 "," 23,889.80 "," 27,903.89 "," 32,444.03 "," 58,905.06 ",5.7,-7.2,-4.5,-2.6,-4.7,-2.4,-1.3,-10.0,10.6,9.1,20.6,17.0,62.2,56.4,39.5,45.3,28.2,38.5,30.6,17.7,4.8,-10.1
City of Cebu," 102,182.20 "," 3,525.12 "," 4,597.17 "," 5,233.10 "," 5,918.06 "," 7,241.65 "," 8,137.84 "," 9,662.29 "," 10,773.79 "," 13,372.86 "," 33,720.32 "," 84,729.07 "," 3,869.68 "," 4,800.59 "," 5,968.01 "," 6,091.01 "," 6,724.71 "," 7,768.03 "," 8,429.98 "," 9,997.69 "," 11,231.04 "," 19,848.33 "," 94,112.17 "," 5,092.06 "," 6,096.21 "," 7,198.43 "," 7,572.23 "," 8,169.90 "," 8,819.45 "," 9,753.80 "," 11,227.43 "," 12,124.16 "," 18,058.49 ",-17.1,9.8,4.4,14.0,2.9,-7.1,-4.5,-12.8,-7.2,-16.0,-41.1,11.1,31.6,27.0,20.6,24.3,21.5,13.5,15.7,12.3,8.0,-9.0
City of Lapu-Lapu (Opon)," 42,960.10 "," 1,703.09 "," 2,251.38 "," 2,486.04 "," 3,098.94 "," 3,345.45 "," 3,774.87 "," 4,144.71 "," 4,931.52 "," 6,689.99 "," 10,534.12 "," 51,923.31 "," 1,967.13 "," 2,661.73 "," 3,106.30 "," 3,445.03 "," 3,901.54 "," 4,138.29 "," 4,964.67 "," 5,192.53 "," 7,805.88 "," 14,740.22 "," 56,439.70 "," 2,628.17 "," 3,386.80 "," 4,069.03 "," 4,346.43 "," 4,967.32 "," 5,224.11 "," 6,024.32 "," 6,107.64 "," 7,708.37 "," 11,977.51 ",20.9,15.5,18.2,25.0,11.2,16.6,9.6,19.8,5.3,16.7,39.9,8.7,33.6,27.2,31.0,26.2,27.3,26.2,21.3,17.6,-1.3,-18.7
City of Mandaue ," 36,977.24 "," 1,793.44 "," 2,197.03 "," 2,449.44 "," 2,919.32 "," 3,307.92 "," 3,461.39 "," 3,640.59 "," 4,262.58 "," 4,407.77 "," 8,537.76 "," 40,722.38 "," 1,907.20 "," 2,337.92 "," 2,789.81 "," 2,710.04 "," 3,147.27 "," 3,711.34 "," 4,062.28 "," 4,325.71 "," 5,050.22 "," 10,680.60 "," 52,571.52 "," 2,525.00 "," 3,448.68 "," 3,732.50 "," 4,537.00 "," 4,715.74 "," 4,858.68 "," 5,482.94 "," 6,132.39 "," 6,385.53 "," 10,753.05 ",10.1,6.3,6.4,13.9,-7.2,-4.9,7.2,11.6,1.5,14.6,25.1,29.1,32.4,47.5,33.8,67.4,49.8,30.9,35.0,41.8,26.4,0.7
,,,,,,,,,,,,,,,,,,,,,,,,,,,,,,,,,,,,,,,,,,,,,,,,,,,,,,,
REGION VIII - EASTERN VISAYAS," 239,889.02 "," 10,200.67 "," 12,400.33 "," 13,613.90 "," 13,924.50 "," 15,952.96 "," 17,891.10 "," 19,195.26 "," 24,117.97 "," 34,986.48 "," 77,605.84 "," 275,375.47 "," 11,411.64 "," 13,998.55 "," 15,513.34 "," 16,855.56 "," 18,193.64 "," 20,321.04 "," 23,033.68 "," 28,324.68 "," 40,231.17 "," 87,492.16 "," 316,881.63 "," 15,196.68 "," 18,095.50 "," 20,014.74 "," 21,421.20 "," 23,317.40 "," 25,100.22 "," 27,301.11 "," 31,691.29 "," 45,653.03 "," 89,090.46 ",14.8,11.9,12.9,14.0,21.1,14.1,13.6,20.0,17.4,15.0,12.7,15.1,33.2,29.3,29.0,27.1,28.2,23.5,18.5,11.9,13.5,1.8
Eastern Samar," 23,139.37 "," 1,082.48 "," 1,274.36 "," 1,372.39 "," 1,516.29 "," 1,731.20 "," 1,707.32 "," 1,812.82 "," 2,379.32 "," 3,192.93 "," 7,070.26 "," 30,737.00 "," 1,302.40 "," 1,453.25 "," 1,607.26 "," 1,747.83 "," 1,981.56 "," 2,126.21 "," 2,531.49 "," 3,162.61 "," 4,975.29 "," 9,849.10 "," 34,088.99 "," 1,728.22 "," 1,993.30 "," 2,246.92 "," 2,341.88 "," 2,319.22 "," 2,653.27 "," 2,840.02 "," 3,408.78 "," 4,733.35 "," 9,824.02 ",32.8,20.3,14.0,17.1,15.3,14.5,24.5,39.6,32.9,55.8,39.3,10.9,32.7,37.2,39.8,34.0,17.0,24.8,12.2,7.8,-4.9,-0.3
Leyte (Excluding City of Tacloban)," 92,994.85 "," 3,886.22 "," 4,766.04 "," 5,265.83 "," 4,956.45 "," 6,220.66 "," 7,011.69 "," 7,471.74 "," 9,014.11 "," 13,323.19 "," 31,078.92 "," 105,801.03 "," 4,467.82 "," 5,451.90 "," 5,957.65 "," 6,765.21 "," 6,455.67 "," 8,082.11 "," 8,845.43 "," 11,318.72 "," 15,367.13 "," 33,089.38 "," 126,750.23 "," 6,388.41 "," 7,514.51 "," 8,151.27 "," 9,151.00 "," 9,446.66 "," 9,990.75 "," 11,088.38 "," 12,342.04 "," 18,152.39 "," 34,524.81 ",13.8,15.0,14.4,13.1,36.5,3.8,15.3,18.4,25.6,15.3,6.5,19.8,43.0,37.8,36.8,35.3,46.3,23.6,25.4,9.0,18.1,4.3
City of Tacloban," 21,061.34 ", 780.29 , 906.96 ," 1,092.90 "," 1,151.54 "," 1,293.88 "," 1,471.31 "," 2,035.42 "," 2,665.88 "," 3,580.45 "," 6,082.71 "," 22,929.77 ", 778.24 , 961.88 ," 1,017.06 "," 1,154.09 "," 1,226.08 "," 1,643.31 "," 1,902.08 "," 2,746.80 "," 3,640.55 "," 7,859.70 "," 24,065.31 "," 1,016.20 "," 1,235.94 "," 1,380.71 "," 1,457.11 "," 1,592.23 "," 1,903.67 "," 2,154.70 "," 2,946.45 "," 3,789.41 "," 6,588.89 ",8.9,-0.3,6.1,-6.9,0.2,-5.2,11.7,-6.6,3.0,1.7,29.2,5.0,30.6,28.5,35.8,26.3,29.9,15.8,13.3,7.3,4.1,-16.2
Northern Samar," 33,767.33 "," 1,472.20 "," 1,651.63 "," 1,883.47 "," 2,059.93 "," 2,085.38 "," 2,460.50 "," 2,727.03 "," 3,191.93 "," 4,788.87 "," 11,446.39 "," 36,725.44 "," 1,742.16 "," 2,027.52 "," 2,334.50 "," 2,480.31 "," 2,716.53 "," 2,922.46 "," 3,070.30 "," 3,462.80 "," 5,099.95 "," 10,868.92 "," 42,910.81 "," 2,032.26 "," 2,475.72 "," 2,757.18 "," 3,183.98 "," 3,334.28 "," 3,663.64 "," 3,931.51 "," 4,595.90 "," 5,909.83 "," 11,026.51 ",8.8,18.3,22.8,24.0,20.4,30.3,18.8,12.6,8.5,6.5,-5.0,16.8,16.7,22.1,18.1,28.4,22.7,25.4,28.1,32.7,15.9,1.5
Samar (Western Samar)," 36,957.47 "," 1,768.24 "," 2,212.39 "," 2,402.67 "," 2,374.34 "," 2,479.23 "," 2,809.42 "," 3,443.09 "," 3,446.21 "," 5,386.64 "," 10,635.25 "," 42,696.33 "," 1,780.14 "," 2,244.21 "," 2,513.18 "," 2,832.03 "," 3,063.90 "," 3,222.31 "," 3,637.77 "," 4,348.14 "," 5,471.77 "," 13,582.88 "," 45,360.92 "," 2,191.24 "," 2,619.53 "," 2,855.78 "," 3,228.51 "," 3,292.88 "," 3,460.20 "," 3,729.53 "," 4,359.29 "," 5,951.91 "," 13,672.06 ",15.5,0.7,1.4,4.6,19.3,23.6,14.7,5.7,26.2,1.6,27.7,6.2,23.1,16.7,13.6,14.0,7.5,7.4,2.5,0.3,8.8,0.7
Southern Leyte," 21,038.79 "," 1,028.66 "," 1,224.39 "," 1,373.35 "," 1,425.79 "," 1,432.54 "," 1,626.60 "," 1,762.14 "," 2,198.01 "," 3,033.75 "," 5,933.56 "," 24,129.63 "," 1,146.01 "," 1,356.98 "," 1,527.38 "," 1,673.60 "," 1,698.52 "," 1,873.65 "," 2,074.46 "," 2,658.05 "," 3,468.22 "," 6,652.77 "," 29,829.09 "," 1,696.27 "," 1,753.07 "," 2,031.69 "," 2,051.57 "," 2,210.64 "," 2,232.09 "," 2,595.05 "," 3,104.69 "," 4,122.30 "," 8,031.72 ",14.7,11.4,10.8,11.2,17.4,18.6,15.2,17.7,20.9,14.3,12.1,23.6,48.0,29.2,33.0,22.6,30.2,19.1,25.1,16.8,18.9,20.7
Biliran," 10,929.88 ", 499.61 , 609.03 , 630.91 , 631.26 , 699.83 , 743.89 , 877.54 ," 1,033.23 "," 1,528.86 "," 3,675.72 "," 12,356.26 ", 486.70 , 600.74 , 696.81 , 678.25 , 787.92 , 886.90 , 997.69 ," 1,211.94 "," 2,016.70 "," 3,992.60 "," 13,876.29 ", 709.18 , 830.11 , 853.56 , 920.80 , 981.30 , 986.30 ," 1,071.62 "," 1,350.96 "," 2,030.85 "," 4,141.59 ",13.1,-2.6,-1.4,10.5,7.4,12.6,19.2,13.7,17.3,31.9,8.6,12.3,45.7,38.2,22.5,35.8,24.5,11.2,7.4,11.5,0.7,3.7
,,,,,,,,,,,,,,,,,,,,,,,,,,,,,,,,,,,,,,,,,,,,,,,,,,,,,,,
REGION IX - ZAMBOANGA PENINSULA," 191,058.61 "," 8,144.53 "," 9,921.59 "," 11,292.64 "," 11,931.79 "," 12,876.52 "," 14,619.90 "," 16,593.21 "," 18,852.00 "," 27,592.07 "," 59,234.38 "," 208,595.22 "," 8,626.28 "," 10,751.10 "," 12,541.66 "," 13,325.93 "," 14,920.00 "," 16,401.19 "," 17,842.83 "," 21,405.96 "," 28,936.07 "," 63,844.20 "," 230,654.69 "," 10,517.40 "," 12,862.27 "," 14,434.80 "," 15,523.29 "," 17,251.66 "," 18,814.58 "," 20,892.89 "," 23,626.47 "," 30,307.98 "," 66,423.34 ",9.2,5.9,8.4,11.1,11.7,15.9,12.2,7.5,13.6,4.9,7.8,10.6,21.9,19.6,15.1,16.5,15.6,14.7,17.1,10.4,4.7,4.0
Zamboanga Del Norte," 47,453.69 "," 2,122.99 "," 2,627.56 "," 2,785.01 "," 3,030.78 "," 3,243.91 "," 3,408.90 "," 4,070.57 "," 4,713.95 "," 6,775.25 "," 14,674.78 "," 53,578.76 "," 2,398.87 "," 2,903.18 "," 3,220.88 "," 3,376.97 "," 3,625.72 "," 3,800.89 "," 4,149.28 "," 5,070.50 "," 7,440.40 "," 17,592.06 "," 59,611.72 "," 3,213.79 "," 3,445.37 "," 3,967.85 "," 4,201.87 "," 4,339.20 "," 4,603.42 "," 4,904.85 "," 5,617.15 "," 7,013.25 "," 18,304.97 ",12.9,13.0,10.5,15.7,11.4,11.8,11.5,1.9,7.6,9.8,19.9,11.3,34.0,18.7,23.2,24.4,19.7,21.1,18.2,10.8,-5.7,4.1
Zamboanga Del Sur (Excluding City of Zamboanga)," 41,012.70 "," 1,971.44 "," 2,437.63 "," 2,588.32 "," 2,884.78 "," 2,846.37 "," 3,093.83 "," 3,433.45 "," 3,939.66 "," 5,365.25 "," 12,451.97 "," 51,600.80 "," 2,069.25 "," 2,459.80 "," 2,955.29 "," 3,235.40 "," 3,388.50 "," 3,984.42 "," 4,367.27 "," 5,076.62 "," 7,382.60 "," 16,681.65 "," 53,316.34 "," 2,079.25 "," 2,769.56 "," 3,115.17 "," 3,164.28 "," 3,565.82 "," 4,020.49 "," 4,246.93 "," 5,061.90 "," 7,684.08 "," 17,608.85 ",25.8,5.0,0.9,14.2,12.2,19.1,28.8,27.2,28.9,37.6,34.0,3.3,0.5,12.6,5.4,-2.2,5.2,0.9,-2.8,-0.3,4.1,5.6
City of Zamboanga," 62,650.61 "," 3,583.12 "," 3,743.34 "," 4,191.63 "," 4,381.76 "," 4,425.28 "," 5,054.52 "," 5,426.35 "," 6,825.71 "," 8,899.33 "," 16,119.57 "," 57,821.19 "," 3,570.66 "," 3,906.55 "," 4,320.47 "," 4,417.15 "," 4,663.47 "," 5,229.20 "," 5,403.70 "," 6,141.31 "," 7,230.49 "," 12,938.21 "," 64,383.56 "," 4,353.46 "," 4,869.40 "," 5,241.08 "," 5,380.76 "," 5,537.79 "," 5,971.26 "," 5,952.81 "," 6,643.23 "," 7,701.29 "," 12,732.49 ",-7.7,-0.4,4.4,3.1,0.8,5.4,3.5,-0.4,-10.0,-18.8,-19.7,11.4,21.9,24.7,21.3,21.8,18.8,14.2,10.2,8.2,6.5,-1.6
Zamboanga Sibugay," 34,927.53 "," 1,481.84 "," 1,679.42 "," 1,745.17 "," 2,035.14 "," 2,019.26 "," 2,237.59 "," 2,594.28 "," 3,012.16 "," 4,542.81 "," 13,579.86 "," 39,530.15 "," 1,549.17 "," 1,922.08 "," 1,910.25 "," 2,263.89 "," 2,328.73 "," 2,551.94 "," 3,017.13 "," 3,369.02 "," 4,967.78 "," 15,650.16 "," 44,873.69 "," 2,107.50 "," 2,381.78 "," 2,465.49 "," 2,582.52 "," 2,705.97 "," 3,036.22 "," 3,516.26 "," 4,296.88 "," 5,976.01 "," 15,805.07 ",13.2,4.5,14.5,9.5,11.2,15.3,14.1,16.3,11.9,9.4,15.3,13.5,36.0,23.9,29.1,14.1,16.2,19.0,16.5,27.5,20.3,1.0
Isabela City," 5,014.08 ", 264.66 , 305.89 , 308.07 , 334.26 , 323.68 , 374.77 , 388.53 , 494.54 , 815.39 ," 1,404.29 "," 6,064.32 ", 319.55 , 386.14 , 414.71 , 457.32 , 493.41 , 543.05 , 573.16 , 588.43 , 830.33 ," 1,458.22 "," 8,469.36 ", 541.00 , 569.64 , 616.89 , 642.32 , 671.08 , 682.14 , 745.23 , 929.12 ," 1,092.76 "," 1,979.20 ",21.0,20.7,26.2,34.6,36.8,52.4,44.9,47.5,19.0,1.8,3.8,39.7,69.3,47.5,48.8,40.5,36.0,25.6,30.0,57.9,31.6,35.7
,,,,,,,,,,,,,,,,,,,,,,,,,,,,,,,,,,,,,,,,,,,,,,,,,,,,,,,
REGION X - NORTHERN MINDANAO," 280,507.56 "," 12,418.63 "," 14,541.11 "," 15,954.21 "," 17,274.29 "," 19,364.78 "," 21,644.83 "," 25,184.63 "," 29,955.26 "," 41,416.25 "," 82,753.57 "," 306,603.44 "," 13,010.74 "," 16,206.04 "," 18,050.58 "," 20,032.01 "," 21,521.80 "," 23,604.88 "," 27,669.69 "," 31,728.02 "," 45,104.61 "," 89,675.07 "," 366,374.02 "," 16,540.64 "," 20,062.42 "," 22,373.73 "," 24,478.54 "," 27,338.07 "," 29,991.42 "," 34,364.75 "," 39,355.39 "," 50,412.00 "," 101,457.05 ",9.3,4.8,11.5,13.1,16.0,11.1,9.1,9.9,5.9,8.9,8.4,19.5,27.1,23.8,24.0,22.2,27.0,27.1,24.2,24.0,11.8,13.1
Bukidnon," 73,886.28 "," 3,411.84 "," 4,047.44 "," 4,366.87 "," 4,781.90 "," 4,999.41 "," 5,863.55 "," 6,173.07 "," 7,997.13 "," 9,685.91 "," 22,559.15 "," 86,548.18 "," 3,455.78 "," 4,463.41 "," 4,997.69 "," 5,144.02 "," 6,350.51 "," 6,930.68 "," 7,441.01 "," 8,860.57 "," 12,218.26 "," 26,686.26 "," 92,530.01 "," 4,691.98 "," 5,240.60 "," 6,033.88 "," 6,476.99 "," 7,400.22 "," 8,268.81 "," 9,026.41 "," 9,971.43 "," 11,889.66 "," 23,530.03 ",17.1,1.3,10.3,14.5,7.6,27.0,18.2,20.5,10.8,26.1,18.3,6.9,35.8,17.4,20.7,25.9,16.5,19.3,21.3,12.5,-2.7,-11.8
Camiguin," 5,197.92 ", 236.61 , 317.93 , 324.61 , 350.83 , 367.31 , 449.51 , 507.91 , 578.12 , 722.59 ," 1,342.49 "," 6,479.63 ", 259.11 , 343.55 , 408.51 , 383.06 , 421.39 , 484.33 , 541.12 , 622.56 , 912.02 ," 2,103.98 "," 7,451.23 ", 380.23 , 445.79 , 433.88 , 505.87 , 528.35 , 541.73 , 657.54 , 730.78 ," 1,160.52 "," 2,066.56 ",24.7,9.5,8.1,25.9,9.2,14.7,7.8,6.5,7.7,26.2,56.7,15.0,46.7,29.8,6.2,32.1,25.4,11.9,21.5,17.4,27.3,-1.8
Lanao Del Norte (Excluding City of Iligan)," 31,066.34 "," 1,747.80 "," 1,973.38 "," 2,181.53 "," 2,216.58 "," 2,431.22 "," 2,571.24 "," 2,593.15 "," 3,006.84 "," 4,048.24 "," 8,296.37 "," 29,893.90 "," 1,573.56 "," 1,869.25 "," 2,067.90 "," 2,236.75 "," 2,279.84 "," 2,529.85 "," 2,696.59 "," 3,194.54 "," 3,752.69 "," 7,692.94 "," 42,500.90 "," 2,036.97 "," 2,330.48 "," 2,503.62 "," 2,652.69 "," 3,010.28 "," 2,941.57 "," 3,280.54 "," 4,055.36 "," 5,261.25 "," 14,428.14 ",-3.8,-10.0,-5.3,-5.2,0.9,-6.2,-1.6,4.0,6.2,-7.3,-7.3,42.2,29.5,24.7,21.1,18.6,32.0,16.3,21.7,27.0,40.2,87.6
City of Iligan," 23,692.53 ", 961.09 ," 1,212.13 "," 1,395.69 "," 1,508.74 "," 1,813.02 "," 1,960.55 "," 2,288.01 "," 2,739.40 "," 3,702.16 "," 6,111.75 "," 25,502.45 "," 1,138.30 "," 1,458.51 "," 1,519.25 "," 1,729.69 "," 1,792.61 "," 2,185.28 "," 2,495.25 "," 2,967.03 "," 3,531.16 "," 6,685.39 "," 34,520.13 "," 1,350.33 "," 1,963.36 "," 1,962.49 "," 2,257.44 "," 2,344.25 "," 2,893.98 "," 3,226.39 "," 3,749.72 "," 4,770.37 "," 10,001.81 ",7.6,18.4,20.3,8.9,14.6,-1.1,11.5,9.1,8.3,-4.6,9.4,35.4,18.6,34.6,29.2,30.5,30.8,32.4,29.3,26.4,35.1,49.6
Misamis Occidental," 29,981.61 "," 1,529.69 "," 1,721.36 "," 1,920.86 "," 1,976.34 "," 2,079.57 "," 2,353.03 "," 2,519.72 "," 3,080.13 "," 4,466.88 "," 8,334.03 "," 35,880.60 "," 1,787.71 "," 2,115.40 "," 2,263.01 "," 2,628.47 "," 2,393.72 "," 2,468.11 "," 2,852.03 "," 3,340.23 "," 4,803.01 "," 11,228.92 "," 41,680.63 "," 1,844.61 "," 2,385.40 "," 2,366.97 "," 2,657.40 "," 2,915.23 "," 2,999.38 "," 3,264.00 "," 4,059.09 "," 6,295.52 "," 12,893.03 ",19.7,16.9,22.9,17.8,33.0,15.1,4.9,13.2,8.4,7.5,34.7,16.2,3.2,12.8,4.6,1.1,21.8,21.5,14.4,21.5,31.1,14.8
"Misamis Oriental 
(Excluding City of Cagayan de Oro)"," 50,553.50 "," 2,285.39 "," 2,701.05 "," 2,921.70 "," 3,310.74 "," 3,697.55 "," 4,147.39 "," 4,830.90 "," 5,276.73 "," 6,803.17 "," 14,578.87 "," 53,385.44 "," 2,583.04 "," 3,191.71 "," 3,375.20 "," 3,689.48 "," 4,092.58 "," 4,309.54 "," 4,985.70 "," 5,451.72 "," 7,251.82 "," 14,454.65 "," 68,407.76 "," 3,675.28 "," 4,288.79 "," 4,781.89 "," 4,924.00 "," 5,583.97 "," 5,535.29 "," 6,449.74 "," 6,962.73 "," 9,403.88 "," 16,802.18 ",5.6,13.0,18.2,15.5,11.4,10.7,3.9,3.2,3.3,6.6,-0.9,28.1,42.3,34.4,41.7,33.5,36.4,28.4,29.4,27.7,29.7,16.2
City of Cagayan de Oro," 66,129.38 "," 2,446.19 "," 3,092.93 "," 3,586.98 "," 3,961.12 "," 4,756.37 "," 5,232.12 "," 6,528.84 "," 7,405.98 "," 10,078.97 "," 19,039.89 "," 68,913.24 "," 3,064.28 "," 3,509.62 "," 3,815.33 "," 4,218.61 "," 5,089.80 "," 5,577.13 "," 6,835.23 "," 8,034.90 "," 9,654.35 "," 19,114.00 "," 79,283.36 "," 3,849.29 "," 4,520.22 "," 5,183.48 "," 5,626.78 "," 6,202.55 "," 7,624.61 "," 7,612.39 "," 8,348.88 "," 10,308.50 "," 20,006.67 ",4.2,25.3,13.5,6.4,6.5,7.0,6.6,4.7,8.5,-4.2,0.4,15.1,25.6,28.8,35.9,33.4,21.9,36.7,11.4,3.9,6.8,4.7
,,,,,,,,,,,,,,,,,,,,,,,,,,,,,,,,,,,,,,,,,,,,,,,,,,,,,,,
REGION XI - DAVAO REGION," 346,634.63 "," 13,885.01 "," 17,588.66 "," 20,345.25 "," 22,246.05 "," 25,302.99 "," 27,583.88 "," 32,113.43 "," 38,355.71 "," 51,155.36 "," 98,058.30 "," 392,797.22 "," 16,105.87 "," 20,499.38 "," 23,096.38 "," 24,818.32 "," 28,274.39 "," 31,428.78 "," 35,652.57 "," 42,233.38 "," 54,312.50 "," 116,375.65 "," 468,674.28 "," 19,907.01 "," 24,982.95 "," 27,035.24 "," 30,271.22 "," 34,525.20 "," 37,754.86 "," 42,765.71 "," 50,732.48 "," 66,598.19 "," 134,101.41 ",13.3,16.0,16.6,13.5,11.6,11.7,13.9,11.0,10.1,6.2,18.7,19.3,23.6,21.9,17.1,22.0,22.1,20.1,20.0,20.1,22.6,15.2
Davao Del Norte," 63,876.73 "," 3,057.46 "," 3,932.91 "," 4,132.54 "," 4,828.94 "," 4,742.31 "," 5,302.50 "," 5,931.99 "," 6,983.37 "," 8,116.29 "," 16,848.44 "," 64,957.96 "," 3,317.46 "," 4,083.84 "," 4,465.91 "," 4,781.62 "," 5,357.99 "," 5,439.14 "," 6,204.17 "," 7,039.44 "," 8,255.90 "," 16,012.48 "," 68,967.05 "," 3,821.04 "," 4,666.55 "," 5,045.08 "," 5,662.62 "," 5,853.10 "," 6,067.21 "," 6,750.76 "," 7,433.37 "," 8,448.10 "," 15,219.23 ",1.7,8.5,3.8,8.1,-1.0,13.0,2.6,4.6,0.8,1.7,-5.0,6.2,15.2,14.3,13.0,18.4,9.2,11.6,8.8,5.6,2.3,-5.0
Davao Del Sur (Excluding City of Davao)," 44,437.59 "," 1,959.94 "," 2,392.72 "," 2,725.78 "," 2,801.08 "," 3,230.35 "," 3,266.42 "," 3,708.88 "," 4,299.54 "," 5,771.02 "," 14,281.86 "," 50,883.28 "," 2,249.08 "," 2,793.20 "," 3,053.40 "," 3,467.44 "," 3,731.64 "," 4,011.97 "," 4,599.74 "," 4,778.19 "," 6,167.69 "," 16,030.93 "," 61,206.66 "," 2,924.70 "," 3,577.20 "," 3,913.18 "," 3,974.24 "," 4,640.98 "," 4,924.56 "," 5,617.75 "," 6,054.68 "," 8,233.83 "," 17,345.54 ",14.5,14.8,16.7,12.0,23.8,15.5,22.8,24.0,11.1,6.9,12.3,20.3,30.0,28.1,28.2,14.6,24.4,22.8,22.1,26.7,33.5,8.2
City of Davao," 157,649.87 "," 6,400.97 "," 8,441.72 "," 10,125.21 "," 10,654.98 "," 12,084.76 "," 13,709.79 "," 15,620.00 "," 19,023.11 "," 21,935.11 "," 39,654.21 "," 192,210.28 "," 8,006.42 "," 9,824.71 "," 11,347.01 "," 12,154.04 "," 13,949.02 "," 15,444.00 "," 17,876.39 "," 21,296.53 "," 24,084.98 "," 58,227.18 "," 232,983.06 "," 7,633.18 "," 10,599.46 "," 12,704.38 "," 15,803.53 "," 17,041.30 "," 19,127.01 "," 21,823.04 "," 27,593.06 "," 31,293.98 "," 69,364.13 ",21.9,25.1,16.4,12.1,14.1,15.4,12.7,14.5,12.0,9.8,46.8,21.2,-4.7,7.9,12.0,30.0,22.2,23.9,22.1,29.6,29.9,19.1
Davao Oriental," 28,808.17 "," 1,630.02 "," 1,779.26 "," 2,007.16 "," 2,012.22 "," 1,994.24 "," 2,127.91 "," 2,272.43 "," 2,636.86 "," 3,543.92 "," 8,804.14 "," 31,179.28 "," 1,772.74 "," 2,137.05 "," 2,212.42 "," 2,230.35 "," 2,214.96 "," 2,455.74 "," 2,750.52 "," 2,957.28 "," 3,836.36 "," 8,611.85 "," 33,614.45 "," 2,199.51 "," 2,306.67 "," 2,530.62 "," 2,505.73 "," 2,742.76 "," 2,649.70 "," 2,915.92 "," 3,346.89 "," 4,186.62 "," 8,230.03 ",8.2,8.8,20.1,10.2,10.8,11.1,15.4,21.0,12.2,8.3,-2.2,7.8,24.1,7.9,14.4,12.4,23.8,7.9,6.0,13.2,9.1,-4.4
Davao De Oro," 39,038.19 "," 1,860.43 "," 2,397.00 "," 2,508.83 "," 2,529.46 "," 2,887.59 "," 3,516.76 "," 3,524.00 "," 4,123.20 "," 4,686.78 "," 11,004.13 "," 38,896.51 "," 1,951.96 "," 2,246.14 "," 2,594.60 "," 2,795.59 "," 3,134.93 "," 3,409.23 "," 3,540.72 "," 3,803.44 "," 5,220.92 "," 10,198.98 "," 54,227.12 "," 2,896.52 "," 3,346.16 "," 3,697.62 "," 4,167.92 "," 4,238.97 "," 4,587.79 "," 4,715.42 "," 5,496.87 "," 6,957.80 "," 14,122.05 ",-0.4,4.9,-6.3,3.4,10.5,8.6,-3.1,0.5,-7.8,11.4,-7.3,39.4,48.4,49.0,42.5,49.1,35.2,34.6,33.2,44.5,33.3,38.5
Davao Occidental," 12,824.07 ", 662.69 , 819.61 , 789.23 , 902.59 ," 1,003.46 "," 1,018.42 "," 1,130.53 "," 1,225.02 "," 1,606.10 "," 3,666.42 "," 14,669.91 ", 714.67 , 856.86 , 956.32 ," 1,060.33 "," 1,111.39 "," 1,188.13 "," 1,271.28 "," 1,339.55 "," 1,799.54 "," 4,371.82 "," 17,675.94 ", 990.25 ," 1,171.39 "," 1,199.00 "," 1,271.45 "," 1,415.35 "," 1,521.31 "," 1,564.32 "," 1,567.88 "," 2,127.18 "," 4,847.83 ",14.4,7.8,4.5,21.2,17.5,10.8,16.7,12.5,9.4,12.0,19.2,20.5,38.6,36.7,25.4,19.9,27.4,28.0,23.1,17.1,18.2,10.9
,,,,,,,,,,,,,,,,,,,,,,,,,,,,,,,,,,,,,,,,,,,,,,,,,,,,,,,
REGION XII - SOCCSKSARGEN1/," 260,117.86 "," 8,571.95 "," 11,887.88 "," 14,181.78 "," 15,601.82 "," 18,048.87 "," 20,771.23 "," 22,792.72 "," 26,961.41 "," 34,735.64 "," 86,564.53 "," 268,925.14 "," 10,602.80 "," 12,984.09 "," 15,179.96 "," 16,962.16 "," 18,714.48 "," 20,743.47 "," 23,741.64 "," 29,343.83 "," 37,134.75 "," 83,517.96 "," 321,421.30 "," 13,138.57 "," 15,792.76 "," 17,793.96 "," 19,829.66 "," 21,833.60 "," 24,219.45 "," 28,662.83 "," 33,371.18 "," 41,310.92 "," 105,468.39 ",3.39,23.69,9.22,7.04,8.72,3.69,-0.13,4.16,8.84,6.91,-3.52,19.5,23.9,21.6,17.2,16.9,16.7,16.8,20.7,13.7,11.3,26.3
Cotabato (North Cotabato)," 92,071.28 "," 3,019.20 "," 3,820.52 "," 4,631.19 "," 4,964.61 "," 5,736.39 "," 6,866.66 "," 7,653.46 "," 8,612.27 "," 11,155.32 "," 35,611.66 "," 88,254.69 "," 4,189.09 "," 4,702.09 "," 5,233.16 "," 6,019.38 "," 6,304.08 "," 6,843.54 "," 7,923.39 "," 9,679.93 "," 11,990.15 "," 25,369.87 "," 107,152.02 "," 4,135.02 "," 5,362.60 "," 6,114.63 "," 6,764.19 "," 7,494.88 "," 8,309.22 "," 9,626.89 "," 10,949.55 "," 14,202.64 "," 34,192.40 ",-4.15,38.75,23.07,13.00,21.25,9.90,-0.34,3.53,12.40,7.48,-28.76,21.4,-1.3,14.1,16.8,12.4,18.9,21.4,21.5,13.1,18.5,34.8
South Cotabato (Excluding City of General Santos)," 63,084.72 "," 2,193.88 "," 2,898.34 "," 3,537.93 "," 3,899.10 "," 4,229.79 "," 4,828.25 "," 5,305.57 "," 6,418.15 "," 8,621.85 "," 21,151.84 "," 63,920.56 "," 2,133.08 "," 2,979.92 "," 3,481.02 "," 3,950.99 "," 4,438.96 "," 5,327.82 "," 5,995.76 "," 6,219.21 "," 9,229.46 "," 20,164.33 "," 67,832.69 "," 3,079.20 "," 3,811.30 "," 4,336.58 "," 4,789.40 "," 5,243.74 "," 5,656.07 "," 6,188.35 "," 7,486.74 "," 8,623.23 "," 18,618.09 ",1.32,-2.77,2.81,-1.61,1.33,4.95,10.35,13.01,-3.10,7.05,-4.67,6.1,44.4,27.9,24.6,21.2,18.1,6.2,3.2,20.4,-6.6,-7.7
City of General Santos (Dadiangas)," 44,791.51 "," 1,913.42 "," 2,479.19 "," 2,896.13 "," 3,362.76 "," 3,495.89 "," 3,673.28 "," 4,105.33 "," 5,063.75 "," 6,560.32 "," 11,241.43 "," 51,764.22 "," 1,889.90 "," 2,448.57 "," 2,647.55 "," 3,154.89 "," 3,514.63 "," 3,925.21 "," 4,540.31 "," 5,312.07 "," 6,845.81 "," 17,485.28 "," 57,357.38 "," 2,657.28 "," 3,200.86 "," 3,611.92 "," 3,749.73 "," 4,309.01 "," 4,841.47 "," 5,389.31 "," 5,995.59 "," 8,429.39 "," 15,172.82 ",15.57,-1.23,-1.24,-8.58,-6.18,0.54,6.86,10.60,4.90,4.35,55.54,10.8,40.6,30.7,36.4,18.9,22.6,23.3,18.7,12.9,23.1,-13.2
Sultan Kudarat," 39,283.23 "," 1,522.08 "," 2,034.14 "," 2,300.74 "," 2,529.43 "," 2,722.58 "," 3,434.43 "," 3,599.58 "," 4,155.86 "," 5,497.15 "," 11,487.23 "," 40,656.13 "," 1,764.69 "," 2,040.74 "," 2,335.87 "," 2,792.99 "," 2,880.11 "," 3,040.37 "," 3,434.35 "," 4,315.63 "," 6,362.85 "," 11,688.52 "," 59,001.84 "," 2,039.48 "," 2,471.58 "," 2,644.35 "," 3,041.38 "," 3,183.45 "," 3,535.28 "," 3,968.13 "," 5,027.70 "," 6,313.84 "," 26,776.65 ",3.49,15.94,0.32,1.53,10.42,5.79,-11.47,-4.59,3.84,15.75,1.75,45.1,15.6,21.1,13.2,8.9,10.5,16.3,15.5,16.5,-0.8,129.1
Sarangani," 20,887.11 ", 782.25 ," 1,055.27 "," 1,252.96 "," 1,481.60 "," 1,616.77 "," 1,858.70 "," 2,055.93 "," 2,413.95 "," 2,853.93 "," 5,515.75 "," 24,329.54 "," 1,023.80 "," 1,295.75 "," 1,455.24 "," 1,732.21 "," 1,797.41 "," 1,943.20 "," 2,234.91 "," 2,462.02 "," 3,105.39 "," 7,279.60 "," 30,077.37 "," 1,439.22 "," 1,859.49 "," 1,973.75 "," 2,147.51 "," 2,391.76 "," 2,452.29 "," 2,711.89 "," 3,333.05 "," 4,295.39 "," 7,473.03 ",16.48,30.88,22.79,16.14,16.91,11.17,4.55,8.71,1.99,8.81,31.98,23.6,40.6,43.5,35.6,24.0,33.1,26.2,21.3,35.4,38.3,2.7
,,,,,,,,,,,,,,,,,,,,,,,,,,,,,,,,,,,,,,,,,,,,,,,,,,,,,,,
CARAGA," 150,299.09 "," 6,063.85 "," 7,468.40 "," 8,411.85 "," 9,316.97 "," 10,009.31 "," 10,896.90 "," 12,704.65 "," 14,940.93 "," 20,659.27 "," 49,826.96 "," 165,836.95 "," 6,769.64 "," 8,224.95 "," 8,891.27 "," 9,775.63 "," 10,800.05 "," 12,194.64 "," 13,714.50 "," 16,173.45 "," 23,852.59 "," 55,440.22 "," 191,966.18 "," 9,032.50 "," 10,923.54 "," 11,842.19 "," 13,166.06 "," 14,081.73 "," 15,351.15 "," 16,423.48 "," 19,702.58 "," 25,685.53 "," 55,757.42 ",10.3,11.6,10.1,5.7,4.9,7.9,11.9,8.0,8.3,15.5,11.3,15.8,33.4,32.8,33.2,34.7,30.4,25.9,19.8,21.8,7.7,0.6
Agusan Del Norte (Excluding City of Butuan)," 17,357.31 ", 772.06 , 972.83 ," 1,073.92 "," 1,133.36 "," 1,168.89 "," 1,424.76 "," 1,544.63 "," 1,875.32 "," 2,248.36 "," 5,143.17 "," 22,315.31 ", 915.10 ," 1,157.35 "," 1,284.20 "," 1,323.84 "," 1,469.31 "," 1,596.50 "," 1,919.80 "," 2,131.52 "," 3,105.30 "," 7,412.39 "," 23,483.83 "," 1,114.67 "," 1,371.95 "," 1,444.99 "," 1,708.61 "," 1,829.89 "," 1,964.75 "," 2,230.00 "," 2,525.28 "," 3,246.51 "," 6,047.17 ",28.6,18.5,19.0,19.6,16.8,25.7,12.1,24.3,13.7,38.1,44.1,5.2,21.8,18.5,12.5,29.1,24.5,23.1,16.2,18.5,4.6,-18.4
City of Butuan," 24,476.44 ", 870.42 ," 1,024.95 "," 1,266.60 "," 1,428.62 "," 1,587.23 "," 1,865.37 "," 2,104.16 "," 2,655.35 "," 3,672.08 "," 8,001.65 "," 27,637.60 ", 960.40 ," 1,151.99 "," 1,350.09 "," 1,492.27 "," 1,856.86 "," 2,089.28 "," 2,396.74 "," 2,837.93 "," 4,409.13 "," 9,092.92 "," 35,478.32 "," 1,233.48 "," 1,606.13 "," 1,942.70 "," 2,056.55 "," 2,304.73 "," 2,439.17 "," 3,165.99 "," 4,183.42 "," 5,471.45 "," 11,074.71 ",12.9,10.3,12.4,6.6,4.5,17.0,12.0,13.9,6.9,20.1,13.6,28.4,28.4,39.4,43.9,37.8,24.1,16.8,32.1,47.4,24.1,21.8
Agusan Del Sur," 37,942.38 "," 1,521.04 "," 1,895.45 "," 2,085.15 "," 2,187.90 "," 2,521.91 "," 2,678.98 "," 2,880.55 "," 3,338.35 "," 4,719.08 "," 14,113.96 "," 37,932.41 "," 1,683.56 "," 2,052.98 "," 2,070.76 "," 2,355.02 "," 2,486.34 "," 2,845.82 "," 3,247.45 "," 3,633.88 "," 4,898.69 "," 12,657.90 "," 41,342 "," 2,160.15 "," 2,593.52 "," 2,787.57 "," 2,860.32 "," 3,140.18 "," 3,326.73 "," 3,697.11 "," 3,792.57 "," 5,144.98 "," 11,838.99 ",0.0,10.7,8.3,-0.7,7.6,-1.4,6.2,12.7,8.9,3.8,-10.3,9.0,28.3,26.3,34.6,21.5,26.3,16.9,13.9,4.4,5.0,-6.5
Surigao Del Norte," 29,549.05 "," 1,247.26 "," 1,612.08 "," 1,661.10 "," 1,841.28 "," 2,165.70 "," 2,140.61 "," 2,507.27 "," 2,974.00 "," 4,042.52 "," 9,357.24 "," 33,771.92 "," 1,364.47 "," 1,597.90 "," 1,762.97 "," 2,065.47 "," 2,257.69 "," 2,316.28 "," 2,701.38 "," 3,174.05 "," 4,690.68 "," 11,841.03 "," 45,493.96 "," 2,203.94 "," 2,595.33 "," 3,070.12 "," 2,966.24 "," 3,480.79 "," 3,424.06 "," 4,163.94 "," 4,372.22 "," 6,445.93 "," 12,771.41 ",14.3,9.4,-0.9,6.1,12.2,4.3,8.2,7.7,6.7,16.0,26.5,34.7,61.5,62.4,74.1,43.6,54.2,47.8,54.1,37.8,37.4,7.9
Surigao Del Sur," 34,930.16 "," 1,449.63 "," 1,726.96 "," 2,118.75 "," 2,089.98 "," 2,272.51 "," 2,764.03 "," 2,999.14 "," 3,641.69 "," 4,805.33 "," 11,062.15 "," 36,851.32 "," 1,607.51 "," 1,867.47 "," 2,025.37 "," 2,324.69 "," 2,492.25 "," 2,589.73 "," 3,021.09 "," 3,664.09 "," 5,424.77 "," 11,834.37 "," 38,019.31 "," 2,400.64 "," 2,543.72 "," 2,747.15 "," 2,924.28 "," 3,127.74 "," 3,088.30 "," 3,525.90 "," 3,546.99 "," 4,688.68 "," 9,425.92 ",5.5,10.9,8.1,-4.4,11.2,9.7,-6.3,0.7,0.6,12.9,7.0,3.2,49.3,36.2,35.6,25.8,25.5,19.3,16.7,-3.2,-13.6,-20.4
Dinagat Islands," 6,043.75 ", 268.52 , 360.73 , 379.99 , 428.10 , 446.72 , 497.19 , 497.01 , 593.81 , 771.57 ," 1,800.10 "," 7,328.39 ", 326.13 , 399.55 , 394.97 , 480.54 , 503.23 , 541.83 , 655.99 , 805.72 , 995.86 ," 2,224.56 "," 8,148.63 ", 388.18 , 463.72 , 511.83 , 534.33 , 593.98 , 726.48 , 759.07 , 843.92 ," 1,088.87 "," 2,238.24 ",21.3,21.5,10.8,3.9,12.3,12.7,9.0,32.0,35.7,29.1,23.6,11.2,19.0,16.1,29.6,11.2,18.0,34.1,15.7,4.7,9.3,0.6
,,,,,,,,,,,,,,,,,,,,,,,,,,,,,,,,,,,,,,,,,,,,,,,,,,,,,,,
BARMM - BANGSAMORO AUTONOMOUS REGION IN MUSLIM MINDANAO (includes the 63 barangays from Cotabato for 2023)2/," 119,579.86 "," 7,465.75 "," 8,788.73 "," 9,021.27 "," 9,538.03 "," 10,006.82 "," 10,524.63 "," 10,904.85 "," 12,057.98 "," 14,590.14 "," 26,681.67 "," 142,660.13 "," 8,373.07 "," 10,105.38 "," 11,256.52 "," 12,637.04 "," 13,295.92 "," 13,886.08 "," 14,822.36 "," 14,850.97 "," 16,578.76 "," 26,854.03 "," 173,184.82 "," 11,431.24 "," 13,207.92 "," 15,333.35 "," 15,520.70 "," 16,501.03 "," 16,882.88 "," 17,030.41 "," 17,971.99 "," 19,384.36 "," 29,920.95 ",19.30,12.15,14.98,24.78,32.49,32.87,31.94,35.92,23.16,13.63,0.65,21.4,36.5,30.7,36.2,22.8,24.1,21.6,14.9,21.0,16.9,11.4
Basilan," 8,684.03 ", 569.45 , 650.34 , 651.69 , 709.26 , 706.23 , 737.09 , 820.05 , 837.38 ," 1,050.93 "," 1,951.61 "," 10,711.96 ", 658.78 , 762.15 , 801.24 , 825.73 , 910.09 , 961.02 , 947.61 ," 1,029.00 "," 1,224.39 "," 2,591.94 "," 13,790.29 "," 1,151.41 "," 1,159.90 "," 1,212.34 "," 1,317.87 "," 1,229.38 "," 1,317.52 "," 1,270.38 "," 1,323.92 "," 1,467.64 "," 2,339.93 ",23.35,15.69,17.19,22.95,16.42,28.87,30.38,15.55,22.88,16.51,32.81,28.7,74.8,52.2,51.3,59.6,35.1,37.1,34.1,28.7,19.9,-9.7
Lanao Del Sur," 29,124.44 "," 1,718.77 "," 2,063.39 "," 2,215.14 "," 2,242.02 "," 2,446.13 "," 2,620.45 "," 2,628.65 "," 2,903.76 "," 3,416.55 "," 6,869.59 "," 43,823.73 "," 3,862.04 "," 4,259.11 "," 4,091.22 "," 4,095.38 "," 4,236.25 "," 4,294.51 "," 4,109.15 "," 4,256.74 "," 4,418.53 "," 6,200.80 "," 47,807.66 "," 4,144.90 "," 4,324.88 "," 4,266.38 "," 4,317.47 "," 4,406.32 "," 4,286.28 "," 4,186.53 "," 4,465.23 "," 4,776.13 "," 8,633.56 ",50.47,124.70,106.41,84.69,82.67,73.18,63.88,56.32,46.59,29.33,-9.74,9.1,7.3,1.5,4.3,5.4,4.0,-0.2,1.9,4.9,8.1,39.2
Maguindanao ," 34,961.75 "," 2,062.87 "," 2,463.77 "," 2,535.25 "," 2,809.15 "," 3,058.75 "," 3,273.23 "," 3,247.63 "," 3,647.88 "," 4,412.16 "," 7,451.07 "," 35,870.12 "," 2,294.17 "," 2,596.30 "," 2,822.36 "," 2,878.99 "," 3,271.26 "," 3,343.21 "," 3,666.17 "," 3,724.50 "," 3,995.92 "," 7,277.25 "," 36,451.63 "," 2,970.07 "," 3,233.45 "," 3,196.17 "," 3,275.82 "," 3,489.41 "," 3,463.52 "," 3,511.52 "," 3,629.69 "," 3,887.83 "," 5,794.14 ",2.60,11.21,5.38,11.32,2.49,6.95,2.14,12.89,2.10,-9.43,-2.33,1.62,29.46,24.54,13.24,13.78,6.67,3.60,-4.22,-2.55,-2.70,-20.38
Maguindanao del Norte,,,,,,,,,,,,,,,,,,,,,,," 18,658.12 "," 1,518.88 "," 1,698.83 "," 1,676.90 "," 1,743.07 "," 1,836.23 "," 1,781.01 "," 1,840.75 "," 1,895.90 "," 1,964.50 "," 2,702.06 ",,,,,,,,,,,,,,,,,,,,,,
Maguindanao del Sur,,,,,,,,,,,,,,,,,,,,,,," 17,793.51 "," 1,451.19 "," 1,534.62 "," 1,519.27 "," 1,532.75 "," 1,653.19 "," 1,682.52 "," 1,670.77 "," 1,733.79 "," 1,923.33 "," 3,092.09 ",,,,,,,,,,,,,,,,,,,,,,
Sulu," 20,287.74 "," 1,758.95 "," 1,854.52 "," 1,914.01 "," 1,887.56 "," 1,931.47 "," 1,856.14 "," 1,883.00 "," 1,892.92 "," 1,961.30 "," 3,347.86 "," 24,633.83 "," 1,731.48 "," 2,260.21 "," 2,261.23 "," 2,402.86 "," 2,369.02 "," 2,420.55 "," 2,411.67 "," 2,464.67 "," 2,682.68 "," 3,629.46 "," 36,628.15 "," 2,813.36 "," 3,156.76 "," 3,138.29 "," 3,222.58 "," 3,327.69 "," 3,236.32 "," 3,769.96 "," 3,783.48 "," 4,427.33 "," 5,752.37 ",21.42,-1.56,21.88,18.14,27.30,22.65,30.41,28.08,30.20,36.78,8.41,48.7,62.5,39.7,38.8,34.1,40.5,33.7,56.3,53.5,65.0,58.5
Tawi-Tawi," 12,812.47 ", 943.37 ," 1,012.50 "," 1,017.60 "," 1,087.47 "," 1,082.99 "," 1,213.92 "," 1,165.19 "," 1,326.92 "," 1,549.93 "," 2,412.58 "," 13,591.24 ", 836.85 , 948.86 , 998.62 ," 1,084.68 "," 1,154.59 "," 1,224.35 "," 1,328.01 "," 1,457.85 "," 1,784.57 "," 2,772.86 "," 13,812.02 ", 941.04 ," 1,013.44 "," 1,095.37 "," 1,203.72 "," 1,222.40 "," 1,296.47 "," 1,334.62 "," 1,561.75 "," 1,783.63 "," 2,359.58 ",6.08,-11.29,-6.29,-1.87,-0.26,6.61,0.86,13.97,9.87,15.14,14.93,1.6,12.5,6.8,9.7,11.0,5.9,5.9,0.5,7.1,-0.1,-14.9
Cotabato City," 13,709.42 ", 750.61 , 855.77 , 898.12 ," 1,019.92 "," 1,021.38 "," 1,094.65 "," 1,252.62 "," 1,545.29 "," 1,941.06 "," 3,330.00 "," 14,029.24 ", 788.98 , 878.54 , 940.80 ," 1,108.53 "," 1,197.05 "," 1,159.98 "," 1,273.69 "," 1,444.17 "," 1,659.03 "," 3,578.47 "," 14,353.22 "," 1,003.73 "," 1,114.46 "," 1,126.13 "," 1,145.50 "," 1,172.69 "," 1,278.00 "," 1,305.55 "," 1,534.12 "," 1,697.68 "," 2,975.36 ",2.33,5.11,2.66,4.75,8.69,17.20,5.97,1.68,-6.54,-14.53,7.46,2.3,27.2,26.9,19.7,3.3,-2.0,10.2,2.5,6.2,2.3,-16.9
"Source: Family Income and Expenditure Survey, Philippine Statistics Authority",,,,,,,,,,,,,,,,,,,,,,,,,,,,,,,,,,,,,,,,,,,,,,,,,,,,,,,
,,,,,,,,,,,,,,,,,,,,,,,,,,,,,,,,,,,,,,,,,,,,,,,,,,,,,,,
Notes:,,,,,,,,,,,,,,,,,,,,,,,,,,,,,,,,,,,,,,,,,,,,,,,,,,,,,,,
p - Estimates are preliminary and may change,,,,,,,,,,,,,,,,,,,,,,,,,,,,,,,,,,,,,,,,,,,,,,,,,,,,,,,
"1/ The 2018 and 2021 estimates still include the 63 barangays from North Cotabato. Meanwhile, in 2023, these are part of BARMM already. Hence, estimates for 2018 and 2021, and 2023 for Region XII are not comparable.",,,,,,,,,,,,,,,,,,,,,,,,,,,,,,,,,,,,,,,,,,,,,,,,,,,,,,,
"2/ The 2018 and 2021 estimates exclude the 63 barangays from North Cotabato, which are now part of BARMM in 2023. Hence, estimates for 2018 and 2021, and 2023 for BARMM are not comparable.",,,,,,,,,,,,,,,,,,,,,,,,,,,,,,,,,,,,,,,,,,,,,,,,,,,,,,,
Details may not add up to total due to rounding.,,,,,,,,,,,,,,,,,,,,,,,,,,,,,,,,,,,,,,,,,,,,,,,,,,,,,,,
