"Table 2. Average Annual Family Expenditure, by Per Capita Income Decile Class and by Region, Province and HUC: 2018, 2021 and 2023p",,,,,,,,,,,,,,,,,,,,,,,,,,,,,,,,,,,,,,,,,,,,,,,,,,,,,,,
Region/Province/HUC,2018,,,,,,,,,,,2021,,,,,,,,,,,2023p,,,,,,,,,,,Percent Change (2018 to 2021),,,,,,,,,,,Percent Change (2021 to 2023),,,,,,,,,,
,(In thousands),,,,,,,,,,,(In thousands),,,,,,,,,,,(In thousands),,,,,,,,,,,(In percent),,,,,,,,,,,(In percent),,,,,,,,,,
,All Income Groups,1st Decile,2nd Decile,3rd Decile,4th Decile,5th Decile,6th Decile,7th Decile,8th Decile,9th Decile,10th Decile,All Income Groups,1st Decile,2nd Decile,3rd Decile,4th Decile,5th Decile,6th Decile,7th Decile,8th Decile,9th Decile,10th Decile,All Income Groups,1st Decile,2nd Decile,3rd Decile,4th Decile,5th Decile,6th Decile,7th Decile,8th Decile,9th Decile,10th Decile,All Income Groups,1st Decile,2nd Decile,3rd Decile,4th Decile,5th Decile,6th Decile,7th Decile,8th Decile,9th Decile,10th Decile,All Income Groups,1st Decile,2nd Decile,3rd Decile,4th Decile,5th Decile,6th Decile,7th Decile,8th Decile,9th Decile,10th Decile
,,,,,,,,,,,,,,,,,,,,,,,,,,,,,,,,,,,,,,,,,,,,,,,,,,,,,,,
,,,,,,,,,,,,,,,,,,,,,,,,,,,,,,,,,,,,,,,,,,,,,,,,,,,,,,,
PHILIPPINES,238.75,109.35,130.30,147.06,168.84,188.32,215.88,246.71,284.38,351.36,544.99,228.80,103.89,129.87,146.89,166.64,184.15,207.93,235.88,271.78,329.12,511.75,258.05,127.86,154.68,172.49,195.60,216.19,239.51,266.23,303.90,358.34,545.66,-4.2,-5.0,-0.3,-0.1,-1.3,-2.2,-3.7,-4.4,-4.4,-6.3,-6.1,12.8,23.1,19.1,17.4,17.4,17.4,15.2,12.9,11.8,8.9,6.6
,,,,,,,,,,,,,,,,,,,,,,,,,,,,,,,,,,,,,,,,,,,,,,,,,,,,,,,
NATIONAL CAPITAL REGION,368.68,211.79,244.51,274.80,294.48,314.81,336.48,377.25,410.79,488.51,733.32,321.59,196.56,225.67,248.50,266.90,287.21,296.45,323.55,359.14,390.38,621.21,385.05,246.21,283.63,297.26,315.47,335.72,359.66,387.40,412.75,454.03,758.27,-12.8,-7.2,-7.7,-9.6,-9.4,-8.8,-11.9,-14.2,-12.6,-20.1,-15.3,19.7,25.3,25.7,19.6,18.2,16.9,21.3,19.7,14.9,16.3,22.1
NCR I,,,,,,,,,,,,,,,,,,,,,,,,,,,,,,,,,,,,,,,,,,,,,,,,,,,,,,,
City of Manila,363.35,210.63,257.06,298.31,332.43,318.04,351.25,381.29,396.28,467.69,620.27,362.27,262.41,278.44,297.22,326.82,339.39,341.63,382.46,398.47,433.46,561.79,390.20,247.81,311.55,333.88,350.98,354.26,367.82,410.02,457.97,440.18,626.00,-0.3,24.6,8.3,-0.4,-1.7,6.7,-2.7,0.3,0.6,-7.3,-9.4,7.7,-5.6,11.9,12.3,7.4,4.4,7.7,7.2,14.9,1.6,11.4
NCR II,,,,,,,,,,,,,,,,,,,,,,,,,,,,,,,,,,,,,,,,,,,,,,,,,,,,,,,
City of Mandaluyong,475.56,240.18,290.67,306.74,346.10,358.63,401.89,447.11,508.07,721.64,"1,135.23",414.05,315.03,314.73,320.32,358.26,360.92,392.62,393.59,473.63,478.23,731.83,508.19,334.33,358.76,412.48,405.51,411.38,443.83,475.72,622.62,655.89,958.54,-12.9,31.2,8.3,4.4,3.5,0.6,-2.3,-12.0,-6.8,-33.7,-35.5,22.7,6.1,14.0,28.8,13.2,14.0,13.0,20.9,31.5,37.2,31.0
City of San Juan,478.65,231.83,321.04,298.30,346.40,401.14,392.33,496.81,468.05,623.98,"1,203.78",475.18,318.80,317.92,402.80,366.09,464.96,376.27,515.04,483.61,615.07,885.85,648.78,321.19,426.15,450.91,424.35,501.72,527.50,674.31,645.79,1079.83,1313.91,-0.7,37.5,-1.0,35.0,5.7,15.9,-4.1,3.7,3.3,-1.4,-26.4,36.5,0.8,34.0,11.9,15.9,7.9,40.2,30.9,33.5,75.6,48.3
Quezon City,390.51,235.65,255.66,271.44,299.43,314.32,345.20,408.08,459.40,562.21,750.74,322.77,203.12,218.21,251.82,259.14,292.05,275.86,318.65,351.41,377.85,678.57,392.13,260.54,292.62,283.22,317.60,334.11,343.35,396.48,429.49,461.43,799.63,-17.4,-13.8,-14.7,-7.2,-13.5,-7.1,-20.1,-21.9,-23.5,-32.8,-9.6,21.5,28.3,34.1,12.5,22.6,14.4,24.5,24.4,22.2,22.1,17.8
City of Marikina,392.76,211.43,244.15,264.04,299.90,318.59,348.60,388.46,461.06,536.27,855.37,368.75,196.41,235.55,278.54,311.00,301.92,322.94,370.05,432.33,498.50,737.36,451.14,267.21,299.52,306.81,352.27,395.92,400.30,483.66,524.38,582.70,896.57,-6.1,-7.1,-3.5,5.5,3.7,-5.2,-7.4,-4.7,-6.2,-7.0,-13.8,22.3,36.1,27.2,10.2,13.3,31.1,24.0,30.7,21.3,16.9,21.6
City of Pasig,379.12,206.43,248.35,295.66,305.80,338.50,366.43,383.72,467.91,486.97,690.95,317.19,206.66,227.49,250.39,267.55,286.79,305.11,304.32,360.94,380.60,580.15,425.44,242.18,278.02,320.37,332.34,378.20,402.26,444.70,436.33,509.62,908.79,-16.3,0.1,-8.4,-15.3,-12.5,-15.3,-16.7,-20.7,-22.9,-21.8,-16.0,34.1,17.2,22.2,28.0,24.2,31.9,31.8,46.1,20.9,33.9,56.7
NCR III,,,,,,,,,,,,,,,,,,,,,,,,,,,,,,,,,,,,,,,,,,,,,,,,,,,,,,,
City of Caloocan,293.98,184.78,214.45,219.19,263.43,273.60,288.03,302.23,342.06,368.84,482.83,247.97,166.57,182.21,203.89,216.76,228.27,241.40,259.11,277.26,320.24,383.09,296.90,237.38,253.91,249.27,272.13,290.45,300.03,317.57,321.10,334.95,391.77,-15.7,-9.9,-15.0,-7.0,-17.7,-16.6,-16.2,-14.3,-18.9,-13.2,-20.7,19.7,42.5,39.4,22.3,25.6,27.2,24.3,22.6,15.8,4.6,2.3
City of Malabon,275.65,195.27,226.41,236.74,254.51,248.88,266.80,288.70,335.16,333.82,370.13,253.71,169.59,190.15,200.27,211.70,236.85,251.86,263.86,288.84,301.60,421.51,297.51,217.60,229.80,252.72,263.87,263.06,312.07,316.41,306.78,377.60,434.23,-8.0,-13.2,-16.0,-15.4,-16.8,-4.8,-5.6,-8.6,-13.8,-9.7,13.9,17.3,28.3,20.9,26.2,24.6,11.1,23.9,19.9,6.2,25.2,3.0
City of Navotas,264.39,176.09,196.86,219.56,240.68,257.54,258.80,298.53,282.33,315.26,397.98,233.89,171.33,186.18,200.13,211.69,208.53,238.41,242.08,264.96,269.10,345.87,275.24,221.65,228.86,266.79,249.08,261.33,272.95,287.04,286.63,329.81,347.76,-11.5,-2.7,-5.4,-8.9,-12.0,-19.0,-7.9,-18.9,-6.2,-14.6,-13.1,17.7,29.4,22.9,33.3,17.7,25.3,14.5,18.6,8.2,22.6,0.6
City of Valenzuela,296.12,205.69,236.80,236.92,270.80,272.37,310.37,296.31,318.03,353.22,460.78,279.42,182.31,206.60,219.68,246.70,250.66,261.52,308.04,330.33,383.34,403.78,305.32,234.17,241.23,251.25,288.42,300.56,317.90,312.22,344.31,337.51,425.05,-5.6,-11.4,-12.8,-7.3,-8.9,-8.0,-15.7,4.0,3.9,8.5,-12.4,9.3,28.4,16.8,14.4,16.9,19.9,21.6,1.4,4.2,-12.0,5.3
NCR IV,,,,,,,,,,,,,,,,,,,,,,,,,,,,,,,,,,,,,,,,,,,,,,,,,,,,,,,
City of Las Piñas,403.88,224.31,269.92,311.26,310.39,349.69,368.26,461.90,454.71,603.90,685.02,301.51,183.03,204.87,226.53,234.00,258.43,303.95,309.66,357.81,401.44,534.31,391.48,256.55,279.20,301.65,315.95,360.13,363.80,392.73,460.91,539.99,642.14,-25.4,-18.4,-24.1,-27.2,-24.6,-26.1,-17.5,-33.0,-21.3,-33.5,-22.0,29.8,40.2,36.3,33.2,35.0,39.4,19.7,26.8,28.8,34.5,20.2
City of Muntinlupa,368.49,205.69,245.00,255.23,268.32,306.30,304.76,363.98,374.74,465.94,894.78,315.87,201.15,229.00,251.40,249.28,302.81,316.41,327.60,411.76,390.34,478.34,376.15,277.93,307.58,316.92,344.28,335.46,385.71,384.36,389.80,445.92,572.59,-14.3,-2.2,-6.5,-1.5,-7.1,-1.1,3.8,-10.0,9.9,-16.2,-46.5,19.1,38.2,34.3,26.1,38.1,10.8,21.9,17.3,-5.3,14.2,19.7
City of Parañaque,406.22,213.47,242.18,289.57,301.84,333.13,350.47,390.07,461.53,664.68,813.65,377.33,199.63,227.99,261.76,264.53,294.84,303.88,358.82,410.32,500.01,944.61,384.49,263.47,283.64,280.54,319.26,332.26,343.66,391.67,387.54,495.16,746.45,-7.1,-6.5,-5.9,-9.6,-12.4,-11.5,-13.3,-8.0,-11.1,-24.8,16.1,1.9,32.0,24.4,7.2,20.7,12.7,13.1,9.2,-5.6,-1.0,-21.0
Pasay City,300.79,190.35,223.56,234.57,275.42,292.24,269.98,318.65,376.99,395.77,430.11,283.41,186.69,208.31,227.49,255.81,276.08,281.46,302.37,326.27,338.49,429.95,332.99,254.82,278.47,287.51,299.44,334.22,352.84,341.82,380.67,369.45,429.16,-5.8,-1.9,-6.8,-3.0,-7.1,-5.5,4.3,-5.1,-13.5,-14.5,0.0,17.5,36.5,33.7,26.4,17.1,21.1,25.4,13.1,16.7,9.2,-0.2
City of Makati,482.05,244.44,319.66,346.98,370.96,382.48,405.22,474.24,508.42,594.44,"1,176.81",414.46,223.06,278.58,299.33,323.48,312.04,393.85,355.28,391.47,425.05,1136.90,506.90,261.46,302.12,364.94,370.50,390.86,404.49,427.22,466.21,559.42,1517.96,-14.0,-8.8,-12.9,-13.7,-12.8,-18.4,-2.8,-25.1,-23.0,-28.5,-3.4,22.3,17.2,8.5,21.9,14.5,25.3,2.7,20.3,19.1,31.6,33.5
Pateros,365.06,200.99,235.89,284.37,346.49,356.76,364.79,383.69,466.22,443.93,566.54,276.97,179.71,220.76,219.15,245.55,279.22,271.86,312.68,295.80,347.14,395.42,363.61,233.41,270.86,276.33,318.23,366.10,362.38,374.75,419.03,479.12,532.95,-24.1,-10.6,-6.4,-22.9,-29.1,-21.7,-25.5,-18.5,-36.6,-21.8,-30.2,31.3,29.9,22.7,26.1,29.6,31.1,33.3,19.9,41.7,38.0,34.8
City of Taguig,359.99,219.22,267.48,297.85,306.81,317.04,358.52,417.01,411.87,432.21,572.82,269.35,186.52,213.08,226.50,253.45,244.85,251.48,274.81,303.68,333.97,404.20,372.21,226.21,267.75,305.13,305.80,318.59,357.91,362.74,397.35,430.55,747.50,-25.2,-14.9,-20.3,-24.0,-17.4,-22.8,-29.9,-34.1,-26.3,-22.7,-29.4,38.2,21.3,25.7,34.7,20.7,30.1,42.3,32.0,30.9,28.9,84.9
,,,,,,,,,,,,,,,,,,,,,,,,,,,,,,,,,,,,,,,,,,,,,,,,,,,,,,,
CAR - CORDILLERA ADMINISTRATIVE REGION,230.29,121.81,136.94,152.16,160.33,174.64,204.22,238.46,275.55,344.23,494.49,242.89,134.43,156.61,169.81,186.82,198.95,219.60,240.02,276.20,331.29,514.63,247.86,165.24,187.02,198.19,209.16,217.00,242.81,261.62,284.07,306.21,407.15,5.5,10.4,14.4,11.6,16.5,13.9,7.5,0.7,0.2,-3.8,4.1,2.1,22.9,19.4,16.7,12.0,9.1,10.6,9.0,2.9,-7.6,-20.9
Abra,167.69,94.93,111.00,119.11,128.02,150.63,149.22,154.02,200.31,221.81,347.98,183.16,113.00,123.84,125.78,143.47,145.51,160.15,158.71,181.70,245.73,432.29,224.48,141.85,175.78,179.00,189.74,198.30,192.90,223.29,232.30,267.20,443.52,9.2,19.0,11.6,5.6,12.1,-3.4,7.3,3.1,-9.3,10.8,24.2,22.6,25.5,41.9,42.3,32.3,36.3,20.5,40.7,27.9,8.7,2.6
Benguet (Excluding City of Baguio),230.12,123.11,148.76,163.54,171.08,205.12,212.37,227.89,267.04,308.62,473.77,241.31,145.52,167.03,191.70,200.24,203.74,216.89,235.21,259.73,297.39,494.85,237.88,160.54,194.80,216.20,204.19,225.61,243.79,255.16,257.59,272.64,347.53,4.9,18.2,12.3,17.2,17.1,-0.7,2.1,3.2,-2.7,-3.6,4.5,-1.4,10.3,16.6,12.8,2.0,10.7,12.4,8.5,-0.8,-8.3,-29.8
City of Baguio,330.92,145.58,198.35,217.65,261.99,311.02,330.96,327.90,445.97,470.48,599.13,310.52,183.42,229.67,254.74,266.11,280.61,283.18,318.01,361.77,364.79,562.23,293.38,216.28,230.03,264.93,280.11,279.36,309.16,316.45,338.68,301.66,396.34,-6.2,26.0,15.8,17.0,1.6,-9.8,-14.4,-3.0,-18.9,-22.5,-6.2,-5.5,17.9,0.2,4.0,5.3,-0.5,9.2,-0.5,-6.4,-17.3,-29.5
Ifugao,180.62,127.60,135.65,149.81,136.29,136.84,145.38,166.73,189.66,263.57,354.91,211.21,122.48,145.64,148.41,158.59,163.60,186.95,198.69,231.33,292.84,462.51,200.69,143.19,165.37,172.53,158.03,172.51,177.92,178.77,195.87,252.48,389.38,16.9,-4.0,7.4,-0.9,16.4,19.6,28.6,19.2,22.0,11.1,30.3,-5.0,16.9,13.5,16.3,-0.4,5.5,-4.8,-10.0,-15.3,-13.8,-15.8
Kalinga,235.51,158.28,161.91,183.78,183.92,183.14,190.82,235.25,253.58,318.64,485.64,286.91,162.46,169.25,196.17,200.31,203.39,231.63,277.68,321.05,397.44,708.30,273.92,192.12,207.54,217.47,220.71,235.97,243.91,268.44,290.12,322.99,538.57,21.8,2.6,4.5,6.7,8.9,11.1,21.4,18.0,26.6,24.7,45.9,-4.5,18.3,22.6,10.9,10.2,16.0,5.3,-3.3,-9.6,-18.7,-24.0
Mountain Province,164.19,121.79,116.03,122.44,126.61,134.05,132.54,133.98,176.30,217.26,361.17,185.11,115.92,136.92,136.28,146.83,146.12,156.65,174.43,198.40,227.68,410.80,216.55,170.05,165.92,174.56,171.50,182.15,186.50,209.51,224.37,263.26,416.72,12.7,-4.8,18.0,11.3,16.0,9.0,18.2,30.2,12.5,4.8,13.7,17.0,46.7,21.2,28.1,16.8,24.7,19.1,20.1,13.1,15.6,1.4
Apayao,160.70,105.56,125.80,121.03,138.67,130.46,137.54,135.34,181.79,220.31,311.04,185.75,117.20,133.39,140.69,148.39,155.89,162.48,167.03,194.70,256.90,379.69,253.76,184.40,189.69,190.37,198.45,204.13,203.69,244.08,246.93,303.79,568.38,15.6,11.0,6.0,16.3,7.0,19.5,18.1,23.4,7.1,16.6,22.1,36.6,57.3,42.2,35.3,33.7,30.9,25.4,46.1,26.8,18.3,49.7
,,,,,,,,,,,,,,,,,,,,,,,,,,,,,,,,,,,,,,,,,,,,,,,,,,,,,,,
REGION I - ILOCOS REGION,204.50,125.31,143.88,156.84,168.88,160.02,189.78,200.06,218.00,277.27,405.04,209.54,115.35,142.14,150.25,160.09,177.26,190.24,201.53,231.59,284.04,442.71,232.44,133.97,160.46,177.66,185.43,203.47,214.85,231.43,263.58,295.94,457.41,2.5,-8.0,-1.2,-4.2,-5.2,10.8,0.2,0.7,6.2,2.4,9.3,10.9,16.1,12.9,18.2,15.8,14.8,12.9,14.8,13.8,4.2,3.3
Ilocos Norte,222.71,141.71,154.20,178.37,187.40,196.09,186.64,223.10,255.28,275.95,427.82,234.97,159.70,193.87,193.17,191.24,202.63,221.23,223.68,231.02,287.94,444.14,302.19,248.62,273.71,264.21,285.00,280.73,276.95,304.53,284.81,302.87,499.48,5.5,12.7,25.7,8.3,2.1,3.3,18.5,0.3,-9.5,4.4,3.8,28.6,55.7,41.2,36.8,49.0,38.5,25.2,36.2,23.3,5.2,12.5
Ilocos Sur,180.03,110.42,126.55,127.58,141.61,146.55,164.34,180.76,181.17,240.54,381.16,205.86,106.73,124.09,137.48,145.54,168.40,182.07,194.65,246.24,291.16,461.65,232.07,135.79,167.92,180.82,182.41,201.38,219.98,226.45,252.51,276.07,475.60,14.4,-3.3,-2.0,7.8,2.8,14.9,10.8,7.7,35.9,21.1,21.1,12.7,27.2,35.3,31.5,25.3,19.6,20.8,16.3,2.6,-5.2,3.0
La Union,218.90,127.56,141.47,162.65,170.92,180.04,202.00,215.83,222.38,302.41,463.82,226.72,113.58,140.38,158.99,158.08,180.17,211.65,221.82,259.56,337.94,483.79,259.35,134.09,163.36,183.53,190.21,202.63,246.27,250.84,293.69,361.70,565.78,3.6,-11.0,-0.8,-2.3,-7.5,0.1,4.8,2.8,16.7,11.8,4.3,14.4,18.1,16.4,15.4,20.3,12.5,16.4,13.1,13.2,7.0,17.0
Pangasinan,202.54,128.14,144.12,164.12,166.98,162.79,177.37,198.54,210.21,268.20,405.07,200.58,113.94,136.58,148.74,152.80,163.37,189.19,197.59,204.25,257.27,440.85,211.16,130.92,158.34,160.35,180.35,181.56,199.27,193.44,220.29,286.79,399.95,-1.0,-11.1,-5.2,-9.4,-8.5,0.4,6.7,-0.5,-2.8,-4.1,8.8,5.3,14.9,15.9,7.8,18.0,11.1,5.3,-2.1,7.9,11.5,-9.3
,,,,,,,,,,,,,,,,,,,,,,,,,,,,,,,,,,,,,,,,,,,,,,,,,,,,,,,
REGION II - CAGAYAN VALLEY,174.19,113.76,127.15,132.12,137.79,146.65,148.59,168.44,188.30,220.59,358.60,201.11,111.45,127.82,140.96,150.19,158.11,172.11,184.35,215.13,285.07,465.54,214.00,136.54,159.74,164.86,172.36,183.24,191.81,207.74,234.83,272.12,416.36,15.5,-2.0,0.5,6.7,9.0,7.8,15.8,9.4,14.3,29.2,29.8,6.4,22.5,25.0,17.0,14.8,15.9,11.4,12.7,9.2,-4.5,-10.6
Batanes,238.79,139.16,167.59,162.62,183.01,189.80,217.68,240.23,233.76,332.92,521.76,309.54,157.28,222.94,228.79,201.84,255.98,319.52,330.43,321.67,432.10,622.10,268.34,151.10,189.20,209.76,223.42,218.45,246.72,260.75,295.48,374.14,510.85,29.6,13.0,33.0,40.7,10.3,34.9,46.8,37.6,37.6,29.8,19.2,-13.3,-3.9,-15.1,-8.3,10.7,-14.7,-22.8,-21.1,-8.1,-13.4,-17.9
Cagayan,181.56,119.00,127.74,135.50,147.03,159.53,162.72,176.67,201.58,231.37,354.87,212.53,117.47,129.98,140.44,166.30,162.57,177.24,195.88,242.61,308.65,482.60,224.57,138.67,166.91,176.72,173.33,196.20,204.38,218.70,240.79,284.31,444.95,17.1,-1.3,1.8,3.7,13.1,1.9,8.9,10.9,20.4,33.4,36.0,5.7,18.1,28.4,25.8,4.2,20.7,15.3,11.7,-0.8,-7.9,-7.8
Isabela,160.67,109.82,127.14,127.96,130.64,134.92,134.45,150.03,168.63,197.52,325.66,188.71,103.75,125.71,135.22,138.28,153.42,162.19,166.35,192.03,258.11,451.06,202.22,133.16,157.17,157.85,167.73,175.25,180.18,195.40,221.61,264.37,368.83,17.5,-5.5,-1.1,5.7,5.9,13.7,20.6,10.9,13.9,30.7,38.5,7.2,28.3,25.0,16.7,21.3,14.2,11.1,17.5,15.4,2.4,-18.2
Nueva Vizcaya,194.70,117.17,130.74,136.64,151.44,166.90,166.97,182.68,220.56,272.37,401.55,212.19,115.62,135.26,150.88,162.16,170.84,185.76,208.21,233.14,273.30,485.85,230.68,148.25,157.71,162.22,189.14,191.70,210.12,228.72,256.01,269.58,492.83,9.0,-1.3,3.5,10.4,7.1,2.4,11.3,14.0,5.7,0.3,21.0,8.7,28.2,16.6,7.5,16.6,12.2,13.1,9.9,9.8,-1.4,1.4
Quirino,182.60,110.88,121.00,128.05,136.87,151.12,148.85,163.62,183.07,217.77,464.26,194.27,111.86,124.22,128.92,150.16,164.76,157.71,175.72,213.55,249.04,465.37,196.93,123.83,133.89,139.35,142.07,172.98,165.90,177.12,215.48,262.83,434.80,6.4,0.9,2.7,0.7,9.7,9.0,6.0,7.4,16.7,14.4,0.2,1.4,10.7,7.8,8.1,-5.4,5.0,5.2,0.8,0.9,5.5,-6.6
,,,,,,,,,,,,,,,,,,,,,,,,,,,,,,,,,,,,,,,,,,,,,,,,,,,,,,,
REGION III - CENTRAL LUZON,270.21,155.86,188.90,206.48,222.00,235.83,259.28,273.88,302.48,351.40,506.06,258.45,143.23,174.67,199.02,201.95,227.56,244.58,265.86,296.08,341.25,490.04,298.70,188.98,223.15,245.48,260.11,274.59,294.10,312.09,334.08,371.84,482.42,-4.4,-8.1,-7.5,-3.6,-9.0,-3.5,-5.7,-2.9,-2.1,-2.9,-3.2,15.6,31.9,27.8,23.4,28.8,20.7,20.3,17.4,12.8,9.0,-1.6
Aurora,224.21,141.14,154.13,176.54,162.27,173.34,181.61,181.34,252.28,309.62,509.23,226.51,122.20,142.62,156.84,171.34,178.89,193.35,227.64,249.47,297.29,524.65,234.77,137.61,161.99,167.43,164.68,188.18,190.32,195.59,251.79,302.86,586.00,1.0,-13.4,-7.5,-11.2,5.6,3.2,6.5,25.5,-1.1,-4.0,3.0,3.7,12.6,13.6,6.8,-3.9,5.2,-1.6,-14.1,0.9,1.9,11.7
Bataan,306.56,183.36,217.34,238.00,251.42,276.91,281.46,311.23,353.56,399.17,553.45,281.04,153.29,188.72,221.36,219.66,226.97,240.18,272.44,303.96,338.14,645.03,283.20,171.15,202.29,204.64,240.96,253.50,260.56,260.75,295.76,387.34,553.59,-8.3,-16.4,-13.2,-7.0,-12.6,-18.0,-14.7,-12.5,-14.0,-15.3,16.6,0.8,11.7,7.2,-7.6,9.7,11.7,8.5,-4.3,-2.7,14.6,-14.2
Bulacan,281.10,176.04,189.68,212.99,228.21,246.15,279.75,256.60,301.90,367.69,551.54,253.36,153.45,191.83,196.94,194.26,242.91,233.53,260.19,275.84,318.51,464.70,300.02,194.35,223.12,245.72,256.28,263.10,296.78,321.13,339.94,389.91,468.78,-9.9,-12.8,1.1,-7.5,-14.9,-1.3,-16.5,1.4,-8.6,-13.4,-15.7,18.4,26.7,16.3,24.8,31.9,8.3,27.1,23.4,23.2,22.4,0.9
Nueva Ecija,223.07,139.13,156.64,164.17,174.37,196.68,193.14,206.79,237.13,313.18,449.94,185.27,123.17,127.97,140.87,155.06,165.46,163.13,180.59,193.17,245.60,356.82,255.40,186.22,203.34,212.47,229.61,223.80,254.90,259.70,277.25,295.31,410.65,-16.9,-11.5,-18.3,-14.2,-11.1,-15.9,-15.5,-12.7,-18.5,-21.6,-20.7,37.9,51.2,58.9,50.8,48.1,35.3,56.3,43.8,43.5,20.2,15.1
Pampanga (Excluding City of Angeles),290.74,193.55,224.69,243.60,268.99,268.35,285.11,275.71,302.10,370.02,475.81,319.82,211.83,237.82,242.25,287.99,281.24,315.11,332.75,362.91,397.29,527.82,343.85,262.79,284.66,309.43,327.26,306.90,342.09,361.02,375.11,387.13,481.17,10.0,9.4,5.8,-0.6,7.1,4.8,10.5,20.7,20.1,7.4,10.9,7.5,24.1,19.7,27.7,13.6,9.1,8.6,8.5,3.4,-2.6,-8.8
City of Angeles,328.33,225.25,248.56,267.06,288.78,309.52,308.37,336.33,358.97,387.65,552.62,360.26,230.80,264.05,283.66,287.45,320.80,342.12,351.48,384.44,424.17,711.75,373.41,300.85,325.97,343.28,344.99,373.52,363.87,381.14,404.77,420.67,474.47,9.7,2.5,6.2,6.2,-0.5,3.6,11.0,4.5,7.1,9.4,28.8,3.7,30.4,23.5,21.0,20.0,16.4,6.4,8.4,5.3,-0.8,-33.3
Tarlac,240.22,137.25,161.17,191.92,190.03,206.04,218.51,255.72,276.81,334.86,429.82,254.24,142.94,166.63,185.87,211.06,205.32,226.65,257.16,285.11,348.50,512.03,299.67,171.30,221.96,242.97,254.74,273.32,299.19,294.92,322.31,387.54,527.19,5.8,4.1,3.4,-3.2,11.1,-0.4,3.7,0.6,3.0,4.1,19.1,17.9,19.8,33.2,30.7,20.7,33.1,32.0,14.7,13.1,11.2,3.0
Zambales (Excluding City of Olongapo),271.36,148.34,182.76,203.74,204.58,214.70,261.06,292.17,313.56,368.42,524.60,224.44,139.16,148.45,164.68,176.68,196.98,202.54,221.42,238.10,316.09,439.71,257.39,167.81,188.58,215.96,215.62,238.20,231.17,296.39,286.54,318.68,414.13,-17.3,-6.2,-18.8,-19.2,-13.6,-8.3,-22.4,-24.2,-24.1,-14.2,-16.2,14.7,20.6,27.0,31.1,22.0,20.9,14.1,33.9,20.4,0.8,-5.8
City of Olongapo,345.73,218.48,258.39,286.12,273.73,297.65,362.64,366.79,391.55,428.71,573.02,314.37,205.42,232.24,250.20,262.11,303.81,300.90,335.25,348.50,367.49,536.14,331.87,196.79,239.11,251.83,297.30,297.64,305.47,332.42,347.26,415.21,634.15,-9.1,-6.0,-10.1,-12.6,-4.3,2.1,-17.0,-8.6,-11.0,-14.3,-6.4,5.6,-4.2,3.0,0.7,13.4,-2.0,1.5,-0.8,-0.4,13.0,18.3
,,,,,,,,,,,,,,,,,,,,,,,,,,,,,,,,,,,,,,,,,,,,,,,,,,,,,,,
REGION IVA - CALABARZON,304.64,143.95,185.15,211.57,231.13,260.21,286.48,313.05,351.52,427.69,635.78,280.58,140.15,175.69,198.84,221.15,241.85,267.62,288.52,326.37,367.71,577.33,310.32,171.22,200.68,227.83,244.73,267.17,288.92,327.73,353.28,409.14,612.02,-7.9,-2.6,-5.1,-6.0,-4.3,-7.1,-6.6,-7.8,-7.2,-14.0,-9.2,10.6,22.2,14.2,14.6,10.7,10.5,8.0,13.6,8.3,11.3,6.0
Batangas,249.38,140.09,159.84,189.59,191.23,228.01,234.43,239.28,282.80,346.71,481.37,254.56,156.20,176.66,186.56,197.16,210.51,231.37,262.07,316.24,314.64,492.84,279.71,165.92,186.92,213.13,223.08,246.32,264.15,275.20,314.07,359.51,547.87,2.1,11.5,10.5,-1.6,3.1,-7.7,-1.3,9.5,11.8,-9.3,2.4,9.9,6.2,5.8,14.2,13.2,17.0,14.2,5.0,-0.7,14.3,11.2
Cavite,338.35,159.07,221.33,246.19,258.06,292.53,337.14,344.06,412.34,449.13,663.64,313.76,160.99,205.74,233.69,263.63,289.76,293.47,319.02,340.05,387.88,641.27,313.49,182.49,226.83,232.47,250.58,285.44,323.72,323.11,350.01,408.20,550.47,-7.3,1.2,-7.1,-5.1,2.2,-1.0,-13.0,-7.3,-17.5,-13.6,-3.4,-0.1,13.4,10.3,-0.5,-5.0,-1.5,10.3,1.3,2.9,5.2,-14.2
Laguna,321.25,163.10,206.92,225.75,253.29,280.99,304.43,316.92,398.44,450.53,611.88,267.17,136.56,176.60,205.93,220.02,237.82,266.98,277.89,320.96,355.04,472.60,332.44,186.97,229.87,247.08,268.92,289.46,331.66,332.48,373.28,426.01,636.96,-16.8,-16.3,-14.7,-8.8,-13.1,-15.4,-12.3,-12.3,-19.5,-21.2,-22.8,24.4,36.9,30.2,20.0,22.2,21.7,24.2,19.7,16.3,20.0,34.8
Quezon (Excluding City of Lucena),197.86,103.98,128.40,148.83,159.03,163.47,167.51,198.01,227.48,250.35,431.26,194.01,96.23,127.73,139.32,148.59,152.52,166.20,188.76,212.26,253.20,454.36,217.08,149.35,164.86,165.99,176.97,180.47,189.83,209.65,242.22,253.08,437.66,-2.0,-7.5,-0.5,-6.4,-6.6,-6.7,-0.8,-4.7,-6.7,1.1,5.4,11.9,55.2,29.1,19.1,19.1,18.3,14.2,11.1,14.1,-0.1,-3.7
City of Lucena,299.05,170.31,190.33,233.91,231.77,246.23,259.95,283.47,387.92,442.60,544.61,277.87,151.50,185.45,184.57,209.65,222.57,260.68,297.58,317.56,360.23,586.79,300.70,204.12,228.22,236.54,255.37,272.73,285.03,296.64,302.81,399.76,524.07,-7.1,-11.0,-2.6,-21.1,-9.6,-9.6,0.3,5.0,-18.1,-18.6,7.8,8.2,34.7,23.1,28.2,21.8,22.5,9.3,-0.3,-4.6,11.0,-10.7
Rizal,359.21,184.82,226.65,254.64,259.46,283.54,337.08,346.08,382.76,485.09,830.70,331.02,186.28,208.76,243.09,253.69,280.84,290.06,331.85,359.84,449.91,704.67,369.37,194.80,235.94,258.08,282.08,290.97,325.24,387.96,418.86,477.14,820.81,-7.9,0.8,-7.9,-4.5,-2.2,-1.0,-14.0,-4.1,-6.0,-7.3,-15.2,11.6,4.6,13.0,6.2,11.2,3.6,12.1,16.9,16.4,6.1,16.5
,,,,,,,,,,,,,,,,,,,,,,,,,,,,,,,,,,,,,,,,,,,,,,,,,,,,,,,
MIMAROPA REGION,174.79,100.20,120.72,126.85,133.29,138.21,147.94,161.86,184.18,228.68,406.01,178.46,92.74,112.90,121.72,130.24,138.00,152.05,166.41,189.59,253.91,426.86,189.77,102.73,132.62,135.37,137.38,155.62,160.71,175.83,201.85,237.58,457.89,2.1,-7.5,-6.5,-4.0,-2.3,-0.2,2.8,2.8,2.9,11.0,5.1,6.3,10.8,17.5,11.2,5.5,12.8,5.7,5.7,6.5,-6.4,7.3
Marinduque,184.76,116.30,124.35,135.90,153.72,138.69,147.78,168.04,190.86,238.25,433.47,183.97,120.30,138.53,140.83,150.87,145.41,166.73,175.49,187.49,245.84,367.62,222.87,154.38,171.96,169.59,187.47,174.30,187.89,193.54,221.42,275.74,491.74,-0.4,3.4,11.4,3.6,-1.9,4.9,12.8,4.4,-1.8,3.2,-15.2,21.2,28.3,24.1,20.4,24.3,19.9,12.7,10.3,18.1,12.2,33.8
Occidental Mindoro,178.40,77.80,112.89,116.18,133.12,130.90,137.78,161.61,178.45,245.17,489.62,175.78,75.11,103.95,113.60,127.16,132.26,155.50,161.99,201.42,266.12,419.42,190.21,88.01,111.26,133.17,138.23,144.85,152.10,169.59,205.30,244.13,515.01,-1.5,-3.5,-7.9,-2.2,-4.5,1.0,12.9,0.2,12.9,8.6,-14.3,8.2,17.2,7.0,17.2,8.7,9.5,-2.2,4.7,1.9,-8.3,22.8
Oriental Mindoro,184.15,112.17,132.69,132.31,149.58,156.02,149.50,175.81,189.64,237.98,405.39,204.90,91.49,113.59,137.24,137.85,165.69,169.62,200.81,218.61,324.37,487.33,198.30,108.58,142.74,142.24,155.26,175.83,161.02,196.37,198.97,243.60,456.38,11.3,-18.4,-14.4,3.7,-7.8,6.2,13.5,14.2,15.3,36.3,20.2,-3.2,18.7,25.7,3.7,12.6,6.1,-5.1,-2.2,-9.0,-24.9,-6.4
Palawan (Excluding City of Puerto Princesa),151.11,104.03,121.10,117.97,126.17,129.11,132.25,139.30,163.24,174.89,303.55,154.12,91.13,109.56,112.93,117.81,127.98,132.42,146.37,161.31,170.89,369.62,157.39,96.08,108.38,120.65,120.93,120.16,137.87,149.18,160.72,197.15,360.86,2.0,-12.4,-9.5,-4.3,-6.6,-0.9,0.1,5.1,-1.2,-2.3,21.8,2.1,5.4,-1.1,6.8,2.7,-6.1,4.1,1.9,-0.4,15.4,-2.4
City of Puerto Princesa,228.90,129.57,152.51,150.50,165.71,192.56,204.78,242.62,274.27,293.42,482.49,192.22,105.48,123.71,126.68,151.56,154.38,160.61,176.72,220.91,288.31,412.36,236.61,140.22,158.68,171.35,188.68,195.90,216.37,219.01,263.46,325.92,485.52,-16.0,-18.6,-18.9,-15.8,-8.5,-19.8,-21.6,-27.2,-19.5,-1.7,-14.5,23.1,32.9,28.3,35.3,24.5,26.9,34.7,23.9,19.3,13.0,17.7
Romblon,152.63,97.85,106.80,109.36,112.49,117.47,120.84,138.60,134.08,190.81,397.95,166.37,98.91,111.00,119.87,127.73,128.21,146.07,138.71,158.92,223.69,410.16,194.53,131.93,144.85,148.42,141.39,152.15,148.63,156.67,186.92,243.51,489.80,9.0,1.1,3.9,9.6,13.5,9.2,20.9,0.1,18.5,17.2,3.1,16.9,33.4,30.5,23.8,10.7,18.7,1.8,13.0,17.6,8.9,19.4
,,,,,,,,,,,,,,,,,,,,,,,,,,,,,,,,,,,,,,,,,,,,,,,,,,,,,,,
REGION V - BICOL REGION,193.42,111.05,129.13,135.51,141.93,153.85,166.63,176.66,199.60,256.24,463.46,190.27,103.62,120.63,133.41,138.26,148.69,160.89,168.96,201.84,268.74,457.48,202.62,119.94,135.23,144.07,154.27,158.31,167.50,184.56,209.22,271.25,481.72,-1.6,-6.7,-6.6,-1.6,-2.6,-3.4,-3.4,-4.4,1.1,4.9,-1.3,6.5,15.7,12.1,8.0,11.6,6.5,4.1,9.2,3.7,0.9,5.3
Albay,202.87,124.97,127.15,131.44,152.01,166.04,168.54,169.91,208.46,302.63,476.79,213.16,106.50,124.20,146.37,152.60,166.48,176.99,193.64,234.55,324.25,505.18,215.64,133.59,154.86,161.70,164.24,180.53,182.69,197.24,228.45,286.88,465.04,5.1,-14.8,-2.3,11.4,0.4,0.3,5.0,14.0,12.5,7.1,6.0,1.2,25.4,24.7,10.5,7.6,8.4,3.2,1.9,-2.6,-11.5,-8.0
Camarines Norte,178.92,109.67,125.83,138.54,137.69,145.49,153.85,167.46,195.87,241.27,373.25,175.28,98.66,124.22,128.24,124.85,149.77,146.30,164.84,185.75,242.44,386.81,190.37,124.82,144.60,154.85,154.64,159.62,165.37,190.26,184.22,223.49,400.59,-2.0,-10.0,-1.3,-7.4,-9.3,2.9,-4.9,-1.6,-5.2,0.5,3.6,8.6,26.5,16.4,20.8,23.9,6.6,13.0,15.4,-0.8,-7.8,3.6
Camarines Sur,206.70,112.89,137.13,144.32,150.12,162.52,180.90,194.81,213.68,259.65,511.46,193.56,105.58,119.02,131.87,139.49,151.78,169.00,171.86,209.99,268.37,467.79,202.25,105.07,118.75,128.00,140.82,142.11,162.25,177.85,229.65,332.67,484.00,-6.4,-6.5,-13.2,-8.6,-7.1,-6.6,-6.6,-11.8,-1.7,3.4,-8.5,4.5,-0.5,-0.2,-2.9,1.0,-6.4,-4.0,3.5,9.4,24.0,3.5
Catanduanes,202.12,125.96,135.58,150.60,151.71,168.56,181.32,181.47,207.65,276.91,442.31,219.12,118.05,137.95,144.28,154.22,163.27,181.74,189.43,233.49,308.05,559.02,230.91,123.39,136.85,152.58,163.99,172.78,184.44,203.13,251.72,321.85,597.02,8.4,-6.3,1.8,-4.2,1.7,-3.1,0.2,4.4,12.5,11.3,26.4,5.4,4.5,-0.8,5.8,6.3,5.8,1.5,7.2,7.8,4.5,6.8
Masbate,156.25,97.92,106.09,114.86,116.58,132.70,124.58,138.76,154.05,202.27,374.73,151.40,92.14,104.10,111.02,114.57,118.09,125.71,131.35,137.03,188.25,390.43,184.02,122.77,126.97,130.09,144.07,147.53,170.04,161.65,172.59,225.21,437.71,-3.1,-5.9,-1.9,-3.3,-1.7,-11.0,0.9,-5.3,-11.1,-6.9,4.2,21.5,33.2,22.0,17.2,25.8,24.9,35.3,23.1,26.0,19.6,12.1
Sorsogon,196.33,115.11,136.86,144.00,152.30,161.35,170.26,162.72,207.88,250.95,461.45,190.63,111.09,135.61,139.93,149.35,153.56,168.16,172.41,187.04,244.86,443.08,203.51,137.19,145.85,153.90,157.27,172.56,169.05,180.60,193.32,251.39,472.73,-2.9,-3.5,-0.9,-2.8,-1.9,-4.8,-1.2,6.0,-10.0,-2.4,-4.0,6.8,23.5,7.6,10.0,5.3,12.4,0.5,4.8,3.4,2.7,6.7
,,,,,,,,,,,,,,,,,,,,,,,,,,,,,,,,,,,,,,,,,,,,,,,,,,,,,,,
REGION VI - WESTERN VISAYAS,208.38,115.99,129.53,140.21,146.01,157.47,163.89,184.37,226.32,305.82,513.73,211.08,102.97,124.62,133.61,143.71,154.67,174.24,191.29,229.87,311.47,544.15,229.74,139.64,150.14,166.86,181.96,190.83,196.62,217.43,245.14,318.93,489.00,1.3,-11.2,-3.8,-4.7,-1.6,-1.8,6.3,3.8,1.6,1.9,5.9,8.8,35.6,20.5,24.9,26.6,23.4,12.9,13.7,6.6,2.4,-10.1
Aklan,224.94,126.02,145.42,161.57,170.41,171.79,181.63,203.28,229.73,312.86,546.52,216.23,102.86,119.88,137.28,152.73,165.11,167.75,183.85,221.26,314.17,596.84,247.56,169.87,177.09,190.05,207.65,217.70,215.45,221.52,248.91,351.61,475.07,-3.9,-18.4,-17.6,-15.0,-10.4,-3.9,-7.6,-9.6,-3.7,0.4,9.2,14.5,65.2,47.7,38.5,36.0,31.9,28.4,20.5,12.5,11.9,-20.4
Antique,160.39,107.45,112.58,112.63,124.12,131.17,131.11,138.25,183.63,183.90,379.74,178.33,79.53,99.84,109.56,120.72,141.17,147.63,156.61,197.26,267.30,462.06,216.38,122.74,135.29,148.70,159.68,172.10,164.88,209.72,205.51,306.72,537.20,11.2,-26.0,-11.3,-2.7,-2.7,7.6,12.6,13.3,7.4,45.4,21.7,21.3,54.3,35.5,35.7,32.3,21.9,11.7,33.9,4.2,14.8,16.3
Capiz,198.65,128.02,135.66,146.25,152.71,163.25,167.20,182.24,195.60,243.70,471.46,207.46,144.14,159.99,156.03,171.94,174.85,181.22,196.07,207.51,243.51,438.07,225.28,137.20,156.14,181.29,202.27,180.97,211.24,212.56,248.91,278.09,443.38,4.4,12.6,17.9,6.7,12.6,7.1,8.4,7.6,6.1,-0.1,-7.1,8.6,-4.8,-2.4,16.2,17.6,3.5,16.6,8.4,20.0,14.2,1.2
Iloilo (Excluding City of Iloilo),202.86,113.24,123.60,126.01,139.62,141.56,153.02,172.24,226.36,326.77,505.65,209.67,102.75,119.04,118.37,125.64,136.71,165.74,190.38,248.07,328.29,560.33,214.57,136.98,142.64,145.71,160.31,169.28,184.24,197.83,236.16,298.19,472.93,3.4,-9.3,-3.7,-6.1,-10.0,-3.4,8.3,10.5,9.6,0.5,10.8,2.3,33.3,19.8,23.1,27.6,23.8,11.2,3.9,-4.8,-9.2,-15.6
City of Iloilo,302.50,161.68,173.30,198.25,212.49,222.20,274.07,292.64,337.61,429.81,723.10,268.90,139.75,153.65,188.29,189.68,208.05,220.14,261.93,314.46,355.52,655.69,306.65,195.73,211.72,225.78,247.13,258.26,259.64,298.82,345.22,428.77,592.97,-11.1,-13.6,-11.3,-5.0,-10.7,-6.4,-19.7,-10.5,-6.9,-17.3,-9.3,14.0,40.1,37.8,19.9,30.3,24.1,17.9,14.1,9.8,20.6,-9.6
Guimaras,194.78,128.08,158.33,153.59,156.85,171.73,175.47,174.71,187.53,223.68,417.51,203.41,117.59,142.22,141.69,149.14,154.20,150.11,192.83,204.42,238.32,539.79,238.72,179.72,193.64,206.79,212.08,199.65,210.92,219.62,222.32,308.69,432.21,4.4,-8.2,-10.2,-7.8,-4.9,-10.2,-14.5,10.4,9.0,6.6,29.3,17.4,52.8,36.2,46.0,42.2,29.5,40.5,13.9,8.8,29.5,-19.9
,,,,,,,,,,,,,,,,,,,,,,,,,,,,,,,,,,,,,,,,,,,,,,,,,,,,,,,
NEGROS ISLAND REGION,184.49,88.20,103.56,121.59,123.08,137.19,150.93,170.43,210.77,265.41,472.74,175.67,87.38,107.09,121.74,127.17,136.31,149.56,169.30,172.17,266.11,418.88,203.84,107.13,122.64,146.61,155.80,165.36,179.38,204.93,223.42,272.66,460.08,-4.8,-0.9,3.4,0.1,3.3,-0.6,-0.9,-0.7,-18.3,0.3,-11.4,16.0,22.6,14.5,20.4,22.5,21.3,19.9,21.1,29.8,2.5,9.8
Negros Occidental (Excluding City of Bacolod),172.78,92.07,111.24,123.55,134.74,138.82,148.61,167.34,190.56,236.96,383.61,164.03,95.53,113.72,125.64,132.30,133.39,149.69,158.23,165.13,193.48,372.01,201.43,117.90,130.42,155.50,161.75,162.49,172.85,200.72,222.47,233.93,455.23,-5.1,3.8,2.2,1.7,-1.8,-3.9,0.7,-5.5,-13.4,-18.4,-3.0,22.8,23.4,14.7,23.8,22.3,21.8,15.5,26.9,34.7,20.9,22.4
City of Bacolod,285.70,142.51,167.90,181.83,214.28,230.47,248.05,258.85,330.01,415.24,668.22,267.53,148.07,169.87,199.11,211.74,229.26,240.53,262.15,293.63,380.79,539.09,292.81,172.22,208.42,228.61,235.83,268.47,286.85,297.65,349.60,394.22,485.22,-6.4,3.9,1.2,9.5,-1.2,-0.5,-3.0,1.3,-11.0,-8.3,-19.3,9.5,16.3,22.7,14.8,11.4,17.1,19.3,13.5,19.1,3.5,-10.0
Negros Oriental,163.73,71.75,83.59,90.40,95.44,106.87,114.91,133.65,179.94,251.60,508.87,156.94,76.03,84.31,93.30,102.79,107.50,127.14,136.90,149.03,236.53,455.42,168.82,93.16,102.06,105.94,125.12,129.61,140.40,151.76,181.08,207.81,450.66,-4.2,6.0,0.9,3.2,7.7,0.6,10.6,2.4,-17.2,-6.0,-10.5,7.6,22.5,21.1,13.5,21.7,20.6,10.4,10.9,21.5,-12.1,-1.0
Siquijor,182.27,95.58,95.66,123.29,123.35,132.54,153.71,181.56,178.56,262.95,474.98,202.59,127.70,129.39,121.54,118.40,161.60,163.46,159.31,207.39,299.86,533.73,230.26,151.12,155.00,151.15,170.76,153.12,202.44,211.66,255.20,277.29,570.41,11.2,33.6,35.3,-1.4,-4.0,21.9,6.3,-12.3,16.2,14.0,12.4,13.7,18.3,19.8,24.4,44.2,-5.3,23.8,32.9,23.1,-7.5,6.9
,,,,,,,,,,,,,,,,,,,,,,,,,,,,,,,,,,,,,,,,,,,,,,,,,,,,,,,
REGION VII - CENTRAL VISAYAS,213.23,106.14,127.54,139.99,153.05,170.77,189.20,216.96,241.60,297.02,489.85,201.32,94.67,112.85,126.93,147.13,156.36,173.73,198.70,238.01,283.47,481.01,218.03,125.29,142.71,152.55,169.74,188.15,196.12,215.11,251.35,288.63,450.39,-5.6,-10.8,-11.5,-9.3,-3.9,-8.4,-8.2,-8.4,-1.5,-4.6,-1.8,8.3,32.4,26.5,20.2,15.4,20.3,12.9,8.3,5.6,1.8,-6.4
Bohol,201.06,105.97,119.14,126.63,130.05,139.11,154.26,190.53,213.98,288.10,541.77,181.43,91.99,111.73,127.76,126.00,143.77,156.32,159.12,199.46,273.32,423.31,193.25,120.49,127.89,140.19,144.56,155.69,161.86,186.65,197.26,252.72,443.47,-9.8,-13.2,-6.2,0.9,-3.1,3.4,1.3,-16.5,-6.8,-5.1,-21.9,6.5,31.0,14.5,9.7,14.7,8.3,3.5,17.3,-1.1,-7.5,4.8
Cebu (Excluding the Cities of Cebu  Lapu-Lapu and Mandaue),188.18,99.98,118.63,132.27,141.27,157.85,170.84,192.99,204.01,244.10,420.14,174.12,87.46,100.11,112.91,122.98,139.30,142.19,157.76,199.56,238.56,438.54,193.81,121.48,129.02,146.13,150.81,161.37,182.81,188.36,211.54,247.92,397.47,-7.5,-12.5,-15.6,-14.6,-13.0,-11.8,-16.8,-18.3,-2.2,-2.3,4.4,11.3,38.9,28.9,29.4,22.6,15.8,28.6,19.4,6.0,3.9,-9.4
City of Cebu,274.86,138.84,169.55,182.63,193.74,242.40,251.10,301.93,324.02,371.42,574.21,255.86,143.68,167.72,195.99,192.91,217.39,258.15,255.04,291.82,324.90,509.41,260.13,165.44,190.81,210.11,218.64,230.07,240.91,263.62,289.16,305.20,486.29,-6.9,3.5,-1.1,7.3,-0.4,-10.3,2.8,-15.5,-9.9,-12.5,-11.3,1.7,15.1,13.8,7.2,13.3,5.8,-6.7,3.4,-0.9,-6.1,-4.5
City of Lapu-Lapu (Opon),258.85,127.91,165.08,177.03,213.32,218.20,242.79,249.94,301.34,369.19,524.55,284.73,141.74,175.49,192.77,213.67,225.79,253.60,281.87,299.85,405.71,655.47,297.73,171.69,203.80,228.70,236.78,256.59,280.80,311.94,323.91,398.32,563.20,10.0,10.8,6.3,8.9,0.2,3.5,4.5,12.8,-0.5,9.9,25.0,4.6,21.1,16.1,18.6,10.8,13.6,10.7,10.7,8.0,-1.8,-14.1
City of Mandaue ,241.44,149.99,168.54,173.85,203.96,217.20,225.46,233.87,277.70,285.89,477.52,243.95,149.25,162.84,181.41,185.97,204.96,216.37,245.11,247.63,299.88,544.96,283.03,174.50,216.08,230.17,246.79,259.99,272.76,289.58,304.46,338.35,496.67,1.0,-0.5,-3.4,4.4,-8.8,-5.6,-4.0,4.8,-10.8,4.9,14.1,16.0,16.9,32.7,26.9,32.7,26.9,26.1,18.2,23.0,12.8,-8.9
,,,,,,,,,,,,,,,,,,,,,,,,,,,,,,,,,,,,,,,,,,,,,,,,,,,,,,,
REGION VIII - EASTERN VISAYAS,178.64,98.97,112.63,119.85,120.58,133.93,145.82,152.27,181.16,246.49,474.59,189.13,96.11,112.16,123.01,131.04,139.77,154.60,165.93,195.71,272.90,499.28,199.91,116.42,133.89,143.62,148.00,159.86,167.22,178.21,201.10,272.16,478.35,5.9,-2.9,-0.4,2.6,8.7,4.4,6.0,9.0,8.0,10.7,5.2,5.7,21.1,19.4,16.8,12.9,14.4,8.2,7.4,2.8,-0.3,-4.2
Eastern Samar,159.07,100.00,106.41,116.07,119.01,133.83,129.87,131.16,162.63,202.48,389.31,164.72,84.55,89.64,100.78,109.48,119.02,128.29,150.30,182.99,261.72,419.28,194.35,123.91,138.20,150.91,149.84,147.67,163.10,170.11,201.66,254.60,442.68,3.6,-15.5,-15.8,-13.2,-8.0,-11.1,-1.2,14.6,12.5,29.3,7.7,18.0,46.6,54.2,49.8,36.9,24.1,27.1,13.2,10.2,-2.7,5.6
Leyte (Excluding City of Tacloban),168.25,94.87,111.75,112.30,109.16,128.01,137.14,146.74,162.82,224.79,455.01,185.78,93.02,106.73,119.73,128.41,125.06,155.87,163.51,194.30,264.50,505.45,197.09,113.51,130.30,138.07,149.49,154.31,163.71,175.04,191.00,275.35,478.61,10.4,-2.0,-4.5,6.6,17.6,-2.3,13.7,11.4,19.3,17.7,11.1,6.1,22.0,22.1,15.3,16.4,23.4,5.0,7.1,-1.7,4.1,-5.3
City of Tacloban,290.88,136.99,155.72,177.84,185.95,202.20,222.71,292.68,369.00,450.65,714.20,305.79,139.16,159.97,174.99,181.09,192.99,245.72,277.46,375.25,479.08,829.43,297.52,161.37,182.99,197.21,209.56,217.46,253.27,272.86,361.77,434.87,680.90,5.1,1.6,2.7,-1.6,-2.6,-4.6,10.3,-5.2,1.7,6.3,16.1,-2.7,16.0,14.4,12.7,15.7,12.7,3.1,-1.7,-3.6,-9.2,-17.9
Northern Samar,170.08,98.35,102.72,114.33,120.90,121.50,138.09,144.59,165.86,232.26,462.07,172.10,97.01,113.69,123.51,131.06,140.38,144.66,145.42,156.00,227.03,441.89,177.81,114.28,127.38,133.22,150.58,151.10,160.61,165.66,188.20,221.84,364.13,1.2,-1.4,10.7,8.0,8.4,15.5,4.8,0.6,-6.0,-2.3,-4.4,3.3,17.8,12.1,7.9,14.9,7.6,11.0,13.9,20.6,-2.3,-17.6
Samar (Western Samar),174.22,97.42,115.79,125.69,124.20,125.91,145.10,172.40,162.86,239.19,433.18,180.64,96.96,116.93,128.51,140.66,150.03,150.07,165.14,188.90,225.58,442.98,179.19,107.29,123.51,130.87,142.19,145.16,152.23,151.72,174.92,226.07,437.38,3.7,-0.5,1.0,2.2,13.3,19.2,3.4,-4.2,16.0,-5.7,2.3,-0.8,10.7,5.6,1.8,1.1,-3.3,1.4,-8.1,-7.4,0.2,-1.3
Southern Leyte,187.51,112.67,130.28,139.22,145.53,138.71,154.04,162.76,197.43,262.72,431.24,202.73,118.68,134.38,144.25,151.67,154.35,170.07,181.64,225.84,280.02,465.15,230.48,156.91,155.38,181.06,180.41,190.23,187.98,208.36,236.58,304.84,502.04,8.1,5.3,3.2,3.6,4.2,11.3,10.4,11.6,14.4,6.6,7.9,13.7,32.2,15.6,25.5,19.0,23.3,10.5,14.7,4.8,8.9,7.9
Biliran,225.71,121.50,141.45,144.72,148.60,155.62,163.95,189.35,221.16,309.25,662.39,208.44,101.98,120.69,131.29,130.93,151.16,166.19,186.32,206.72,328.45,559.65,216.82,133.92,146.71,152.23,157.37,160.38,158.50,180.96,229.12,309.15,538.12,-7.7,-16.1,-14.7,-9.3,-11.9,-2.9,1.4,-1.6,-6.5,6.2,-15.5,4.0,31.3,21.6,16.0,20.2,6.1,-4.6,-2.9,10.8,-5.9,-3.9
,,,,,,,,,,,,,,,,,,,,,,,,,,,,,,,,,,,,,,,,,,,,,,,,,,,,,,,
REGION IX - ZAMBOANGA PENINSULA,162.46,89.07,100.57,112.80,114.52,121.40,135.82,147.46,161.74,227.52,413.52,166.30,84.60,101.65,111.64,117.30,128.44,140.26,149.80,175.51,231.00,422.62,200.93,107.04,124.92,137.55,144.82,159.72,171.52,192.14,214.41,261.91,494.98,2.4,-5.0,1.1,-1.0,2.4,5.8,3.3,1.6,8.5,1.5,2.2,20.8,26.5,22.9,23.2,23.5,24.4,22.3,28.3,22.2,13.4,17.1
Zamboanga Del Norte,148.26,78.96,90.29,92.83,104.84,108.31,111.23,133.47,145.90,200.95,416.15,152.93,81.35,93.84,98.07,100.75,105.75,111.18,123.32,148.78,210.63,453.83,185.95,114.20,118.92,134.76,139.72,143.77,150.59,154.17,178.09,212.40,511.43,3.2,3.0,3.9,5.6,-3.9,-2.4,-0.1,-7.6,2.0,4.8,9.1,21.6,40.4,26.7,37.4,38.7,36.0,35.4,25.0,19.7,0.8,12.7
Zamboanga Del Sur (Excluding City of Zamboanga),141.88,91.27,101.68,102.08,116.82,108.89,113.47,123.70,132.70,176.90,351.82,167.91,84.72,98.67,110.81,121.29,126.81,142.79,152.85,171.67,235.87,432.09,165.37,88.27,106.05,118.45,114.56,122.69,137.04,142.56,164.24,226.89,431.35,18.4,-7.2,-3.0,8.6,3.8,16.5,25.8,23.6,29.4,33.3,22.8,-1.5,4.2,7.5,6.9,-5.6,-3.3,-4.0,-6.7,-4.3,-3.8,-0.2
City of Zamboanga,213.59,142.25,142.03,159.78,166.92,161.70,177.99,190.49,233.09,291.52,470.72,191.27,131.10,139.96,152.07,150.78,162.03,180.21,181.54,205.17,241.29,367.53,254.24,170.33,191.89,208.42,212.21,223.83,240.59,236.85,264.44,304.88,487.55,-10.5,-7.8,-1.5,-4.8,-9.7,0.2,1.3,-4.7,-12.0,-17.2,-21.9,32.9,29.9,37.1,37.1,40.7,38.1,33.5,30.5,28.9,26.4,32.7
Zamboanga Sibugay,145.09,88.13,93.39,96.33,108.17,104.50,114.41,118.47,136.38,189.02,401.68,154.58,78.93,94.29,90.78,103.75,107.33,115.27,135.45,145.52,206.66,466.72,199.40,113.93,125.53,129.92,133.02,140.52,151.15,173.93,202.48,265.99,556.54,6.5,-10.4,1.0,-5.8,-4.1,2.7,0.8,14.3,6.7,9.3,16.2,29.0,44.3,33.1,43.1,28.2,30.9,31.1,28.4,39.1,28.7,19.2
Isabela City,159.22,110.48,114.75,114.99,124.30,115.64,130.08,131.83,162.84,243.96,342.50,148.57,109.51,114.35,127.25,135.80,132.34,141.23,145.86,138.92,198.74,240.35,224.20,163.02,163.76,173.84,184.63,177.48,181.57,206.13,251.87,299.05,438.26,-6.7,-0.9,-0.4,10.7,9.3,14.4,8.6,10.6,-14.7,-18.5,-29.8,50.9,48.9,43.2,36.6,36.0,34.1,28.6,41.3,81.3,50.5,82.3
,,,,,,,,,,,,,,,,,,,,,,,,,,,,,,,,,,,,,,,,,,,,,,,,,,,,,,,
REGION X - NORTHERN MINDANAO,174.64,93.76,103.51,109.72,117.64,128.72,142.45,162.46,187.18,250.37,450.58,175.71,84.86,104.02,113.13,123.96,132.27,144.48,166.65,188.66,252.07,446.79,202.58,110.00,128.34,140.41,149.82,160.02,168.92,191.47,216.64,267.10,492.75,0.6,-9.5,0.5,3.1,5.4,2.8,1.4,2.6,0.8,0.7,-0.8,15.3,29.6,23.4,24.1,20.9,21.0,16.9,14.9,14.8,6.0,10.3
Bukidnon,140.82,85.50,93.70,94.58,102.74,108.52,117.93,126.60,154.57,177.60,346.12,148.56,75.14,90.87,97.00,97.20,109.34,126.90,133.65,163.00,205.65,386.12,149.05,99.50,103.62,117.57,120.81,129.41,137.17,147.48,153.81,176.76,304.08,5.5,-12.1,-3.0,2.6,-5.4,0.8,7.6,5.6,5.5,15.8,11.6,0.3,32.4,14.0,21.2,24.3,18.4,8.1,10.4,-5.6,-14.1,-21.3
Camiguin,192.99,107.45,131.82,133.60,137.10,148.04,170.00,204.92,206.09,253.93,436.51,202.04,96.78,123.61,144.76,134.45,150.55,161.81,176.31,210.51,283.09,535.03,225.08,136.77,162.15,153.52,174.06,177.96,181.80,215.48,227.83,325.82,492.70,4.7,-9.9,-6.2,8.4,-1.9,1.7,-4.8,-14.0,2.1,11.5,22.6,11.4,41.3,31.2,6.1,29.5,18.2,12.4,22.2,8.2,15.1,-7.9
Lanao Del Norte (Excluding City of Iligan),135.57,98.10,100.48,106.88,105.42,112.24,114.34,115.11,127.44,161.72,313.94,117.67,74.61,84.27,88.71,92.82,92.78,102.46,108.59,127.53,142.21,262.26,184.18,103.71,115.41,124.75,131.82,147.74,138.30,155.19,181.77,239.90,502.35,-13.2,-24.0,-16.1,-17.0,-12.0,-17.3,-10.4,-5.7,0.1,-12.1,-16.5,56.5,39.0,37.0,40.6,42.0,59.2,35.0,42.9,42.5,68.7,91.5
City of Iligan,198.88,96.09,117.67,130.91,137.93,168.04,168.25,202.01,228.15,288.18,451.41,187.01,98.63,117.73,128.15,140.20,144.68,173.56,195.00,211.13,260.41,399.90,264.06,120.23,169.28,164.76,187.31,192.67,235.04,255.95,291.20,373.81,649.00,-6.0,2.7,0.1,-2.1,1.6,-13.9,3.2,-3.5,-7.5,-9.6,-11.4,41.2,21.9,43.8,28.6,33.6,33.2,35.4,31.3,37.9,43.6,62.3
Misamis Occidental,175.56,100.13,109.71,119.99,121.63,128.88,145.27,148.09,183.72,258.20,440.20,209.00,116.60,137.74,144.09,167.31,153.29,161.91,176.65,208.97,283.57,539.36,243.39,118.85,151.42,150.62,166.33,180.74,187.94,199.91,242.86,347.50,686.73,19.1,16.4,25.6,20.1,37.6,18.9,11.5,19.3,13.7,9.8,22.5,16.5,1.9,9.9,4.5,-0.6,17.9,16.1,13.2,16.2,22.6,27.3
Misamis Oriental (Excluding City of Cagayan de Oro),167.86,90.12,102.45,110.67,121.79,133.00,144.72,168.50,177.21,224.27,406.41,165.34,89.59,107.50,114.17,123.00,132.35,139.61,157.05,170.64,216.79,402.24,193.42,123.17,135.78,145.05,146.56,163.67,162.19,181.18,200.85,260.01,414.68,-1.5,-0.6,4.9,3.2,1.0,-0.5,-3.5,-6.8,-3.7,-3.3,-1.0,17.0,37.5,26.3,27.1,19.2,23.7,16.2,15.4,17.7,19.9,3.1
City of Cagayan de Oro,261.92,116.17,140.83,159.68,173.44,202.05,220.60,255.43,299.50,388.91,661.77,251.95,129.46,142.74,155.31,171.70,203.36,219.97,267.19,286.75,363.10,579.16,264.37,154.92,171.35,189.83,196.00,215.31,255.16,252.79,280.68,328.97,596.59,-3.8,11.4,1.4,-2.7,-1.0,0.7,-0.3,4.6,-4.3,-6.6,-12.5,4.9,19.7,20.1,22.2,14.2,5.9,16.0,-5.4,-2.1,-9.4,3.0
,,,,,,,,,,,,,,,,,,,,,,,,,,,,,,,,,,,,,,,,,,,,,,,,,,,,,,,
REGION XI - DAVAO REGION,191.62,100.72,117.52,130.32,139.27,157.01,168.91,189.78,217.04,271.48,419.14,183.89,93.33,114.75,126.25,133.81,146.91,158.47,173.94,204.15,253.86,433.27,204.33,111.06,133.19,141.79,154.08,167.95,178.66,197.43,226.22,279.77,452.90,-4.0,-7.3,-2.4,-3.1,-3.9,-6.4,-6.2,-8.4,-5.9,-6.5,3.4,11.1,19.0,16.1,12.3,15.2,14.3,12.7,13.5,10.8,10.2,4.5
Davao Del Norte,187.81,113.54,140.34,143.42,162.17,158.42,173.65,180.75,211.52,221.81,371.99,180.39,104.93,128.75,135.70,143.31,156.54,155.33,177.30,185.68,226.77,389.21,219.45,136.05,162.74,172.73,193.35,196.62,198.72,224.37,238.39,268.85,401.86,-4.0,-7.6,-8.3,-5.4,-11.6,-1.2,-10.6,-1.9,-12.2,2.2,4.6,21.7,29.7,26.4,27.3,34.9,25.6,27.9,26.6,28.4,18.6,3.3
Davao Del Sur (Excluding City of Davao),156.63,93.99,105.56,115.88,111.09,132.30,132.01,148.05,160.53,202.18,364.75,163.75,86.00,105.04,115.67,125.48,131.48,140.70,152.10,161.88,207.01,411.70,186.72,112.32,130.96,138.94,137.28,155.77,164.70,172.39,184.90,244.43,424.96,4.5,-8.5,-0.5,-0.2,13.0,-0.6,6.6,2.7,0.8,2.4,12.9,14.0,30.6,24.7,20.1,9.4,18.5,17.1,13.3,14.2,18.1,3.2
City of Davao,251.07,130.28,160.45,190.54,193.50,213.66,236.33,252.97,292.96,341.00,499.19,228.96,119.70,142.24,156.89,168.16,181.88,196.84,231.27,270.24,294.48,526.99,238.47,104.32,134.43,158.45,187.31,199.25,217.58,239.57,288.25,305.37,548.82,-8.8,-8.1,-11.4,-17.7,-13.1,-14.9,-16.7,-8.6,-7.8,-13.6,5.6,4.2,-12.9,-5.5,1.0,11.4,9.6,10.5,3.6,6.7,3.7,4.1
Davao Oriental,152.77,107.27,111.93,121.33,119.82,118.85,124.29,132.40,149.49,198.19,344.37,148.52,102.06,118.25,119.56,117.98,115.70,128.18,130.30,145.92,173.90,333.03,157.72,124.02,124.94,133.70,128.94,138.62,132.77,141.79,157.18,181.72,312.94,-2.8,-4.9,5.7,-1.5,-1.5,-2.7,3.1,-1.6,-2.4,-12.3,-3.3,6.2,21.5,5.7,11.8,9.3,19.8,3.6,8.8,7.7,4.5,-6.0
Davao De Oro,142.86,93.04,105.19,108.66,117.27,119.98,139.72,140.90,153.67,165.86,284.17,138.46,87.33,95.37,109.29,110.09,123.28,134.73,137.48,135.81,182.25,267.57,164.95,112.81,121.20,130.62,133.72,139.89,137.89,141.67,165.95,197.64,367.49,-3.1,-6.1,-9.3,0.6,-6.1,2.8,-3.6,-2.4,-11.6,9.9,-5.8,19.1,29.2,27.1,19.5,21.5,13.5,2.3,3.1,22.2,8.5,37.3
Davao Occidental,115.84,80.87,90.37,84.49,96.78,100.02,98.61,110.54,108.52,135.94,240.73,126.44,67.09,80.28,90.21,101.89,102.85,108.51,117.41,123.14,158.89,313.07,150.45,94.58,112.20,114.23,118.92,131.12,136.23,136.18,138.59,178.88,342.87,9.2,-17.0,-11.2,6.8,5.3,2.8,10.0,6.2,13.5,16.9,30.1,19.0,41.0,39.8,26.6,16.7,27.5,25.6,16.0,12.5,12.6,9.5
,,,,,,,,,,,,,,,,,,,,,,,,,,,,,,,,,,,,,,,,,,,,,,,,,,,,,,,
REGION XII - SOCCSKSARGEN1/,181.32,94.14,117.19,131.95,135.13,153.58,166.22,174.05,200.86,245.33,394.58,173.43,87.96,100.36,113.85,124.81,133.44,146.15,163.00,196.77,234.74,432.84,202.34,111.93,128.88,140.74,150.30,162.24,173.90,195.32,222.02,250.80,478.26,-4.4,-6.6,-14.4,-13.7,-7.6,-13.1,-12.1,-6.4,-2.0,-4.3,9.7,16.7,27.3,28.4,23.6,20.4,21.6,19.0,19.8,12.8,6.8,10.5
Cotabato (North Cotabato),174.49,98.14,116.17,135.47,132.25,150.91,162.71,165.78,191.72,233.34,358.43,170.08,99.27,107.73,114.57,126.84,132.68,142.55,159.08,195.62,229.15,391.90,212.82,124.21,144.25,144.02,164.89,166.70,173.77,206.17,230.48,263.97,507.89,-2.5,1.2,-7.3,-15.4,-4.1,-12.1,-12.4,-4.0,2.0,-1.8,9.3,25.1,25.1,33.9,25.7,30.0,25.6,21.9,29.6,17.8,15.2,29.6
South Cotabato (Excluding City of General Santos),204.08,104.78,124.12,139.20,159.72,161.79,185.86,192.61,223.28,281.71,467.76,193.41,78.85,100.74,120.81,131.63,148.00,172.93,196.85,200.08,274.36,508.47,199.32,106.26,123.50,139.52,152.00,164.71,173.73,186.33,221.10,245.23,478.79,-5.2,-24.8,-18.8,-13.2,-17.6,-8.5,-7.0,2.2,-10.4,-2.6,8.7,3.1,34.8,22.6,15.5,15.5,11.3,0.5,-5.3,10.5,-10.6,-5.8
City of General Santos (Dadiangas),231.36,130.03,156.90,173.14,192.34,194.72,203.27,219.24,259.87,320.30,464.07,203.15,105.98,125.80,132.90,147.59,161.00,182.33,192.48,214.77,281.95,485.19,243.59,142.35,161.03,183.74,176.42,202.78,218.49,248.29,258.99,329.53,512.37,-12.2,-18.5,-19.8,-23.2,-23.3,-17.3,-10.3,-12.2,-17.4,-12.0,4.6,19.9,34.3,28.0,38.3,19.5,26.0,19.8,29.0,20.6,16.9,5.6
Sultan Kudarat,156.02,101.65,118.53,122.94,127.35,121.24,148.05,145.28,164.48,204.40,306.38,153.79,83.77,92.19,102.62,119.68,121.40,124.32,139.00,163.98,229.88,360.52,182.20,103.15,119.02,127.59,137.37,138.10,147.88,163.99,195.91,224.08,463.85,-1.4,-17.6,-22.2,-16.5,-6.0,0.1,-16.0,-4.3,-0.3,12.5,17.7,18.5,23.1,29.1,24.3,14.8,13.8,19.0,18.0,19.5,-2.5,28.7
Sarangani,136.62,70.19,84.35,97.56,108.97,114.89,128.89,137.38,152.13,173.36,298.88,138.83,77.00,84.95,98.22,105.30,114.90,115.69,130.58,138.33,165.15,357.77,162.31,98.03,115.03,121.59,130.81,139.47,140.48,150.24,173.28,224.12,329.43,1.6,9.7,0.7,0.7,-3.4,0.0,-10.2,-5.0,-9.1,-4.7,19.7,16.9,27.3,35.4,23.8,24.2,21.4,21.4,15.1,25.3,35.7,-7.9
,,,,,,,,,,,,,,,,,,,,,,,,,,,,,,,,,,,,,,,,,,,,,,,,,,,,,,,
CARAGA,186.80,100.45,116.53,126.49,133.91,140.46,149.38,167.24,189.34,240.22,504.17,198.20,98.97,116.27,122.98,132.96,144.54,159.65,175.47,201.58,280.28,548.88,213.12,124.67,142.99,153.18,164.92,173.82,182.72,194.34,223.54,274.68,495.89,6.1,-1.5,-0.2,-2.8,-0.7,2.9,6.9,4.9,6.5,16.7,8.9,7.5,26.0,23.0,24.6,24.0,20.3,14.5,10.8,10.9,-2.0,-9.7
Agusan Del Norte (Excluding City of Butuan),164.30,94.04,111.24,118.63,120.54,124.81,147.11,149.92,181.80,204.30,391.22,192.73,95.15,116.50,128.20,129.37,142.07,156.25,185.52,193.68,272.02,507.65,209.88,119.51,141.46,145.95,169.38,182.32,184.88,214.17,222.22,279.11,438.56,17.3,1.2,4.7,8.1,7.3,13.8,6.2,23.7,6.5,33.2,29.8,8.9,25.6,21.4,13.8,30.9,28.3,18.3,15.5,14.7,2.6,-13.6
City of Butuan,231.83,107.25,121.00,146.48,155.10,163.96,199.43,213.26,257.60,338.25,616.33,252.91,102.34,122.66,137.54,154.74,184.70,210.08,232.81,270.06,404.04,709.30,283.33,124.96,155.60,185.69,198.00,210.19,224.13,281.01,355.25,415.39,681.65,9.1,-4.6,1.4,-6.1,-0.2,12.7,5.3,9.2,4.8,19.5,15.1,12.0,22.1,26.9,35.0,28.0,13.8,6.7,20.7,31.5,2.8,-3.9
Agusan Del Sur,174.22,93.49,107.18,114.07,119.68,134.21,136.89,147.78,165.17,217.55,506.79,191.47,99.58,116.58,116.16,130.42,139.03,155.52,170.26,189.95,240.74,555.49,198.15,118.67,135.96,144.31,149.24,159.98,168.08,185.42,189.47,245.29,483.61,9.9,6.5,8.8,1.8,9.0,3.6,13.6,15.2,15.0,10.7,9.6,3.5,19.2,16.6,24.2,14.4,15.1,8.1,8.9,-0.3,1.9,-12.9
Surigao Del Norte,204.03,113.61,138.81,136.42,146.05,165.08,161.24,185.89,206.66,251.21,536.14,194.66,105.69,116.63,128.58,136.44,148.01,156.06,165.93,203.20,276.55,507.08,208.97,120.05,133.95,157.62,154.17,175.31,168.51,192.47,213.34,281.17,492.60,-4.6,-7.0,-16.0,-5.8,-6.6,-10.3,-3.2,-10.7,-1.7,10.1,-5.4,7.4,13.6,14.9,22.6,13.0,18.5,8.0,16.0,5.0,1.7,-2.9
Surigao Del Sur,180.87,105.98,118.16,133.81,126.64,133.70,151.24,156.23,179.16,222.76,480.07,189.66,100.14,115.97,119.02,135.69,143.94,147.78,162.31,190.02,269.99,510.12,202.66,148.54,154.06,164.23,172.99,180.02,180.18,196.20,201.05,236.43,392.18,4.9,-5.5,-1.9,-11.1,7.2,7.7,-2.3,3.9,6.1,21.2,6.3,6.9,48.3,32.8,38.0,27.5,25.1,21.9,20.9,5.8,-12.4,-23.1
Dinagat Islands,153.23,98.33,120.81,119.41,127.28,121.36,134.39,126.80,138.42,184.04,361.32,149.69,74.24,94.22,86.20,105.62,108.68,121.46,141.65,155.89,193.14,413.74,170.62,101.74,115.73,124.45,131.05,128.81,155.36,161.86,172.62,210.82,401.19,-2.3,-24.5,-22.0,-27.8,-17.0,-10.5,-9.6,11.7,12.6,4.9,14.5,14.0,37.1,22.8,44.4,24.1,18.5,27.9,14.3,10.7,9.2,-3.0
,,,,,,,,,,,,,,,,,,,,,,,,,,,,,,,,,,,,,,,,,,,,,,,,,,,,,,,
BARMM - BANGSAMORO AUTONOMOUS REGION IN MUSLIM MINDANAO (includes the 63 barangays from Cotabato for 2023)2/,131.21,113.99,119.45,116.80,118.33,120.52,121.34,122.11,126.53,140.79,212.18,153.32,101.58,115.35,129.16,143.30,150.13,154.18,162.23,160.53,167.44,249.16,168.91,134.81,143.32,159.19,161.20,166.49,166.60,164.25,171.64,180.06,243.65,16.9,-10.9,-3.4,10.6,21.1,24.6,27.1,32.9,26.9,18.9,17.4,10.2,32.7,24.3,23.3,12.5,10.9,8.1,1.3,6.9,7.5,-2.2
Basilan,123.67,102.56,105.19,104.53,115.38,110.85,109.13,118.23,116.62,140.74,213.69,120.88,88.32,93.85,97.18,99.98,105.82,111.94,108.68,113.99,131.82,256.56,155.02,143.02,138.08,144.03,155.68,143.70,152.37,140.58,146.21,159.93,226.48,-2.3,-13.9,-10.8,-7.0,-13.4,-4.5,2.6,-8.1,-2.3,-6.3,20.1,28.3,61.9,47.1,48.2,55.7,35.8,36.1,29.4,28.3,21.3,-11.7
Lanao Del Sur,132.61,111.35,118.43,121.54,116.93,120.76,126.80,125.42,123.77,138.34,222.66,216.99,217.04,227.24,214.20,211.14,214.56,214.37,202.38,201.56,199.24,268.14,217.11,205.66,211.04,204.47,204.32,205.36,195.39,192.01,201.41,211.45,339.92,63.6,94.9,91.9,76.2,80.6,77.7,69.1,61.4,62.9,44.0,20.4,0.1,-5.2,-7.1,-4.5,-3.2,-4.3,-8.9,-5.1,-0.1,6.1,26.8
Maguindanao ,142.11,118.58,128.35,127.89,127.16,137.74,140.59,138.31,134.52,152.29,215.80,136.76,101.42,112.49,113.01,119.85,127.98,129.40,137.73,136.44,147.82,240.81,151.45,135.14,140.20,138.86,143.30,147.36,147.98,147.61,149.58,156.62,207.60,-3.8,-14.5,-12.4,-11.6,-5.8,-7.1,-8.0,-0.4,1.4,-2.9,11.6,10.7,33.3,24.6,22.9,19.6,15.1,14.4,7.2,9.6,6.0,-13.8
Maguindanao del Norte,,,,,,,,,,,,,,,,,,,,,,,147.48,134.34,139.45,139.34,142.55,147.89,142.32,146.86,146.39,148.69,186.80,,,,,,,,,,,,,,,,,,,,,,
Maguindanao del Sur,,,,,,,,,,,,,,,,,,,,,,,155.91,136.05,141.04,138.33,144.14,146.76,154.38,148.46,153.15,165.53,231.10,,,,,,,,,,,,,,,,,,,,,,
Sulu,108.56,119.60,116.13,111.44,109.87,109.75,105.93,101.10,100.66,98.36,112.65,115.17,98.56,115.34,113.77,117.26,113.82,115.63,111.51,110.44,114.89,140.31,159.94,139.68,149.11,147.53,147.53,149.75,140.53,161.68,162.69,178.85,221.69,6.1,-17.6,-0.7,2.1,6.7,3.7,9.2,10.3,9.7,16.8,24.6,38.9,41.7,29.3,29.7,25.8,31.6,21.5,45.0,47.3,55.7,58.0
Tawi-Tawi,107.38,112.53,104.43,98.04,100.79,97.17,96.99,96.90,102.36,117.41,147.15,125.60,100.01,111.23,109.40,114.59,119.00,120.71,120.87,132.30,137.53,189.88,122.67,101.46,108.50,115.65,118.82,123.63,126.15,125.48,130.06,133.66,142.99,17.0,-11.1,6.5,11.6,13.7,22.5,24.5,24.7,29.3,17.1,29.0,-2.3,1.4,-2.5,5.7,3.7,3.9,4.5,3.8,-1.7,-2.8,-24.7
Cotabato City,180.84,140.09,139.76,152.30,153.30,145.83,157.16,165.88,197.20,231.56,325.98,191.76,128.86,136.52,141.26,159.20,166.82,168.29,169.74,194.56,224.98,426.76,215.23,172.03,184.50,186.44,184.98,188.88,201.26,200.97,230.82,240.50,360.65,6.0,-8.0,-2.3,-7.3,3.9,14.4,7.1,2.3,-1.3,-2.8,30.9,12.2,33.5,35.2,32.0,16.2,13.2,19.6,18.4,18.6,6.9,-15.5
"Source: Family Income and Expenditure Survey, Philippine Statistics Authority",,,,,,,,,,,,,,,,,,,,,,,,,,,,,,,,,,,,,,,,,,,,,,,,,,,,,,,
,,,,,,,,,,,,,,,,,,,,,,,,,,,,,,,,,,,,,,,,,,,,,,,,,,,,,,,
Notes:,,,,,,,,,,,,,,,,,,,,,,,,,,,,,,,,,,,,,,,,,,,,,,,,,,,,,,,
p - Estimates are preliminary and may change,,,,,,,,,,,,,,,,,,,,,,,,,,,,,,,,,,,,,,,,,,,,,,,,,,,,,,,
"1/ The 2018 and 2021 estimates still include the 63 barangays from North Cotabato. Meanwhile, in 2023, these are part of BARMM already. Hence, estimates for 2018 and 2021, and 2023 for Region XII are not comparable.",,,,,,,,,,,,,,,,,,,,,,,,,,,,,,,,,,,,,,,,,,,,,,,,,,,,,,,
"2/ The 2018 and 2021 estimates exclude the 63 barangays from North Cotabato, which are now part of BARMM in 2023. Hence, estimates for 2018 and 2021, and 2023 for BARMM are not comparable.",,,,,,,,,,,,,,,,,,,,,,,,,,,,,,,,,,,,,,,,,,,,,,,,,,,,,,,
